{
  "alias" : "bottom_Plane.030_bottom",
  "vertices" : [-1.009678,0.277959,-4.248967,1.367686,0.208529,-3.072914,1.367686,0.208529,1.554479,1.132806,0.277959,-4.295967,-1.132806,0.277959,-4.295967,-1.367686,0.208529,-3.138374,-0.777699,0.208529,1.554479,-1.306083,0.208529,1.554479,-1.306083,0.208529,-1.110848,-0.777699,0.208529,3.460909,-1.009678,0.277959,-4.295968,1.009678,0.277959,-4.295968,-1.367686,0.208529,-3.072914,-0.777699,0.208529,-1.110848,-0.777699,0.208529,-3.072914,0.777699,0.208529,3.460909,0.777699,0.208529,1.554479,1.367686,0.208529,-1.110847,0.777699,0.208529,-1.110847,0.777699,0.208529,-3.072915,1.367686,0.208529,-3.138374,1.009678,0.277959,-4.248968,-1.250246,0.243244,-3.717171,1.250246,0.243244,-3.717171,-0.777699,0.208529,-3.138374,0.777699,0.208529,-3.138374],
  "indices" : [6,16,15,6,15,9,2,16,18,2,18,17,6,7,8,6,8,13,13,14,19,13,19,18,6,13,18,6,18,16,0,22,4,0,4,10,3,23,21,3,21,11,12,5,24,12,24,14,14,24,25,14,25,19,1,19,25,1,25,20,0,24,5,0,5,22,20,25,21,20,21,23,0,21,25,0,25,24],
  "Ni" : 1.00000,
  "Ka" : [0.00000,0.00000,0.00000],
  "d" : 1.00000,
  "Kd" : [0.64000,0.64000,0.64000],
  "illum" : 2,
  "Ks" : [0.50000,0.50000,0.50000],
  "Ns" : 96.07843
}