{
  "alias" : "Light_Mesh.046_HeadLightGlass",
  "vertices" : [-0.462365,0.805599,2.157594,0.559835,0.805599,2.157594,-0.673424,0.83616,1.982401,0.770894,0.83616,1.982402,-0.570126,0.8243,2.075469,0.667596,0.8243,2.075469,-0.428171,0.710788,2.180413,0.525641,0.710788,2.180413,-0.827923,0.811641,1.796721,0.925393,0.811641,1.796721,-0.787359,0.715503,1.905294,0.884829,0.715503,1.905294,-0.823533,0.751341,1.84651,0.921003,0.751341,1.84651,-0.724122,0.691838,1.983447,0.821592,0.691838,1.983447,-0.577263,0.70098,2.093057,0.674733,0.70098,2.093057,-0.750497,0.833285,1.894087,0.847966,0.833285,1.894087,-0.789033,0.831847,1.84993,0.886502,0.831847,1.84993,-0.824237,0.832283,1.80097,0.921707,0.832283,1.80097,-0.573695,0.76264,2.093862,0.671165,0.76264,2.093862,-0.698773,0.763999,2.011088,0.796243,0.763999,2.011088,-0.443372,0.757426,2.173134,0.540841,0.757426,2.173134,-0.768928,0.774394,1.927156,0.866398,0.774394,1.927156,-0.806283,0.791594,1.860411,0.903753,0.791594,1.860411,-0.822292,0.837427,1.789022,0.919761,0.837427,1.789022,-0.820136,0.831222,1.809596,0.917606,0.831222,1.809597,-0.827543,0.80642,1.801032,0.925013,0.80642,1.801032,-0.823941,0.818477,1.808381,0.921411,0.818477,1.808381,-0.457263,0.804869,2.159892,0.554733,0.804869,2.159892,-0.4125,0.714185,2.178875,0.509969,0.714185,2.178875,-0.433739,0.755568,2.177088,0.531209,0.755568,2.177088,-0.460664,0.805356,2.15836,0.558134,0.805356,2.15836,-0.458964,0.805112,2.159126,0.556433,0.805112,2.159126,-0.422947,0.71192,2.1799,0.520417,0.71192,2.1799,-0.417723,0.713052,2.179388,0.515193,0.713052,2.179388,-0.440949,0.756807,2.174452,0.538419,0.756807,2.174452,-0.438527,0.756187,2.17577,0.535996,0.756187,2.17577],
  "indices" : [0,4,24,0,24,28,25,5,1,25,1,29,28,24,16,28,16,6,17,25,29,17,29,7,4,2,26,4,26,24,27,3,5,27,5,25,24,26,14,24,14,16,15,27,25,15,25,17,2,18,30,2,30,26,31,19,3,31,3,27,26,30,10,26,10,14,11,31,27,11,27,15,12,10,30,12,30,32,31,11,13,31,13,33,32,30,18,32,18,20,19,31,33,19,33,21,32,20,36,32,36,40,37,21,33,37,33,41,40,36,22,40,22,34,23,37,41,23,41,35,12,32,40,12,40,38,41,33,13,41,13,39,38,40,34,38,34,8,35,41,39,35,39,9,0,28,56,0,56,48,57,29,1,57,1,49,58,50,48,58,48,56,49,51,59,49,59,57,50,58,46,50,46,42,47,59,51,47,51,43,58,54,44,58,44,46,45,55,59,45,59,47,54,58,56,54,56,52,57,59,55,57,55,53,52,56,28,52,28,6,29,57,53,29,53,7],
  "Ni" : 1.00000,
  "Ka" : [0.00000,0.00000,0.00000],
  "d" : 0.90000,
  "Kd" : [0.78741,0.86138,1.00000],
  "illum" : 2,
  "Ks" : [1.00000,1.00000,1.00000],
  "Ns" : 45.09804
}