{
  "alias" : "BMWBlack_Mesh.006_BMWBlack",
  "vertices" : [0.079281,0.881666,2.109575,0.088536,0.874981,2.121708,0.091787,0.867095,2.136019,0.088536,0.859209,2.15033,0.079281,0.852524,2.162462,0.065428,0.848057,2.170569,0.049088,0.846488,2.173416,0.032748,0.848057,2.170569,0.018896,0.852524,2.162462,0.00964,0.859209,2.15033,0.00639,0.867095,2.136019,0.00964,0.874981,2.121708,0.018896,0.881666,2.109575,0.032748,0.886133,2.101469,0.049088,0.887702,2.098622,0.065428,0.886133,2.101469,0.067605,0.878867,2.121363,0.073282,0.874767,2.128804,0.075276,0.869931,2.137581,0.073282,0.865094,2.146358,0.067605,0.860994,2.153799,0.05911,0.858254,2.158771,0.049088,0.857292,2.160517,0.039067,0.858254,2.158771,0.030571,0.860994,2.153799,0.024894,0.865094,2.146358,0.022901,0.869931,2.137581,0.024894,0.874767,2.128804,0.030571,0.878867,2.121363,0.039067,0.881607,2.116391,0.049088,0.882569,2.114645,0.05911,0.881607,2.116391],
  "indices" : [0,16,17,0,17,1,2,1,17,2,17,18,2,18,19,2,19,3,4,3,19,4,19,20,4,20,21,4,21,5,6,5,21,6,21,22,6,22,23,6,23,7,8,7,23,8,23,24,9,8,24,9,24,25,10,9,25,10,25,26,10,26,27,10,27,11,12,11,27,12,27,28,13,12,28,13,28,29,13,29,30,13,30,14,14,30,31,14,31,15,0,15,31,0,31,16],
  "Ni" : 1.00000,
  "Ka" : [0.00000,0.00000,0.00000],
  "d" : 1.00000,
  "Kd" : [0.00000,0.00000,0.00000],
  "illum" : 2,
  "Ks" : [0.30000,0.30000,0.30000],
  "Ns" : 390.19608
}