{
  "alias" : "FogLight_Mesh.014_Foglight",
  "vertices" : [-0.63578,0.472094,2.097904,0.73325,0.472094,2.097905,-0.705365,0.472072,2.069558,0.802835,0.472072,2.069558,-0.790142,0.47206,2.001583,0.887612,0.47206,2.001583,-0.77087,0.336588,2.032674,0.868339,0.336588,2.032674,-0.641983,0.336588,2.092777,0.739453,0.336588,2.092777,-0.705021,0.336588,2.078253,0.80249,0.336588,2.078253,-0.796365,0.408203,2.005454,0.893835,0.408203,2.005454,-0.800619,0.43883,1.999891,0.898089,0.43883,1.999891,-0.645646,0.472093,2.094956,0.743115,0.472093,2.094957,-0.661122,0.336588,2.095557,0.758591,0.336588,2.095557,-0.606248,0.47203,2.1102,0.703717,0.47203,2.1102,-0.620193,0.336588,2.067397,0.717663,0.336588,2.067397,-0.602254,0.472014,2.09652,0.699723,0.472014,2.09652,-0.616566,0.336588,2.051323,0.714036,0.336588,2.051323,-0.602,0.472049,2.086662,0.699469,0.472049,2.086662,-0.616312,0.336588,2.047715,0.713782,0.336588,2.047715,-0.602,0.472049,2.079989,0.699469,0.472049,2.079989,-0.616312,0.336588,2.041042,0.713782,0.336588,2.041042,-0.602,0.472049,2.076126,0.699469,0.472049,2.076126,-0.616312,0.336588,2.037178,0.713782,0.336588,2.037179,-0.602,0.471924,2.076126,0.699469,0.471924,2.076126,-0.611224,0.336588,2.037178,0.708693,0.336588,2.037179],
  "indices" : [4,14,12,4,12,6,13,15,5,13,5,7,2,4,6,2,6,10,7,5,3,7,3,11,8,0,16,8,16,18,17,1,9,17,9,19,18,16,2,18,2,10,3,17,19,3,19,11,20,0,8,20,8,22,9,1,21,9,21,23,22,26,24,22,24,20,25,27,23,25,23,21,26,30,28,26,28,24,29,31,27,29,27,25,30,34,32,30,32,28,33,35,31,33,31,29,34,38,36,34,36,32,37,39,35,37,35,33,38,42,40,38,40,36,41,43,39,41,39,37],
  "Ni" : 1.00000,
  "Ka" : [0.00000,0.00000,0.00000],
  "d" : 1.00000,
  "Kd" : [0.00000,0.00000,0.00000],
  "illum" : 2,
  "Ks" : [0.20000,0.20000,0.20000],
  "Ns" : 231.37255
}