{
  "alias" : "BMWBlue_Mesh.002_BMWBlue",
  "vertices" : [0.049088,0.871868,2.138649,0.070625,0.862986,2.150185,0.073019,0.865147,2.146263,0.074493,0.867492,2.142007,0.074991,0.869931,2.137581,0.049088,0.85743,2.160268,0.054141,0.85767,2.159832,0.059001,0.858382,2.158541,0.063479,0.859537,2.156444,0.067404,0.861091,2.153623,0.067404,0.85924,2.152603,0.063479,0.857685,2.155424,0.059001,0.85653,2.15752,0.054141,0.855819,2.158811,0.049088,0.855578,2.159247,0.074991,0.868079,2.136561,0.074493,0.86564,2.140987,0.073019,0.863295,2.145243,0.070625,0.861134,2.149165,0.049088,0.870016,2.137628,0.049088,0.870016,2.137628,0.027551,0.875024,2.123957,0.025158,0.872863,2.127879,0.023684,0.870518,2.132135,0.023186,0.868079,2.136561,0.049088,0.88058,2.113875,0.044035,0.88034,2.114311,0.039176,0.879629,2.115602,0.034698,0.878473,2.117698,0.030772,0.876919,2.12052,0.030772,0.87877,2.12154,0.034698,0.880325,2.118719,0.039176,0.88148,2.116622,0.044035,0.882191,2.115331,0.049088,0.882432,2.114895,0.023186,0.869931,2.137581,0.023684,0.87237,2.133156,0.025158,0.874715,2.1289,0.027551,0.876876,2.124978,0.049088,0.871868,2.138649],
  "indices" : [0,9,1,0,1,2,0,2,3,0,3,4,0,5,6,0,6,7,0,7,8,9,0,8,9,8,11,9,11,10,8,7,12,8,12,11,7,6,13,7,13,12,6,5,14,6,14,13,5,0,19,5,19,14,0,4,15,0,15,19,4,3,16,4,16,15,3,2,17,3,17,16,2,1,18,2,18,17,1,9,10,1,10,18,18,10,19,17,18,19,16,17,19,15,16,19,13,14,19,12,13,19,11,12,19,11,19,10,28,20,29,28,27,20,27,26,20,26,25,20,24,23,20,23,22,20,22,21,20,21,29,20,38,30,29,38,29,21,37,38,21,37,21,22,36,37,22,36,22,23,35,36,23,35,23,24,39,35,24,39,24,20,34,39,20,34,20,25,33,34,25,33,25,26,32,33,26,32,26,27,31,32,27,31,27,28,30,31,28,30,28,29,30,39,31,39,32,31,39,33,32,39,34,33,39,36,35,39,37,36,39,38,37,39,30,38],
  "Ni" : 1.00000,
  "Ka" : [0.00000,0.00000,0.00000],
  "d" : 1.00000,
  "Kd" : [0.04740,0.24105,0.62993],
  "illum" : 2,
  "Ks" : [0.30000,0.30000,0.30000],
  "Ns" : 390.19608
}