{
  "alias" : "Mirror_Mesh.050_Mirror",
  "vertices" : [-0.956427,1.155421,0.385033,1.053897,1.155421,0.385033,-0.892795,1.150992,0.405961,0.990265,1.150992,0.405961,-0.962069,1.1207,0.380371,1.059538,1.1207,0.380371,-1.020059,1.159851,0.364105,1.117529,1.159851,0.364105,-0.950785,1.190143,0.389696,1.048255,1.190143,0.389696,-0.891725,1.184559,0.40834,0.989195,1.184559,0.40834,-0.902349,1.118015,0.400792,0.999818,1.118015,0.400792,-1.021036,1.128015,0.360571,1.118506,1.128015,0.360571,-1.010598,1.191097,0.37043,1.108067,1.191097,0.37043,-0.842253,1.117645,0.421524,0.939722,1.117645,0.421524,-0.829163,1.146562,0.426889,0.926632,1.146562,0.426889,-0.837276,1.176661,0.426674,0.934746,1.176661,0.426674,-0.916145,1.085334,0.394227,1.013615,1.085334,0.394227,-0.96771,1.090621,0.375708,1.06518,1.090621,0.375708,-1.017771,1.095883,0.358432,1.115241,1.095883,0.358432,-0.894897,1.218422,0.409324,0.992367,1.218422,0.409324,-0.945143,1.224864,0.394359,1.042613,1.224864,0.394359,-0.996894,1.222047,0.37815,1.094364,1.222047,0.37815,-1.079628,1.137645,0.341082,1.177098,1.137645,0.341082,-1.083691,1.164281,0.343177,1.181161,1.164281,0.343177,-1.070786,1.189736,0.350853,1.168256,1.189736,0.350853,-0.871513,1.095403,0.410622,0.968983,1.095403,0.410622,-0.854686,1.202446,0.420833,0.952156,1.202446,0.420834,-1.05789,1.113591,0.345767,1.15536,1.113591,0.345768,-1.041618,1.210246,0.36291,1.139088,1.210246,0.36291],
  "indices" : [0,8,10,0,10,2,11,9,1,11,1,3,2,10,22,2,22,20,23,11,3,23,3,21,8,32,30,8,30,10,31,33,9,31,9,11,10,30,44,10,44,22,45,31,11,45,11,23,0,2,12,0,12,4,13,3,1,13,1,5,4,12,24,4,24,26,25,13,5,25,5,27,2,20,18,2,18,12,19,21,3,19,3,13,12,18,42,12,42,24,43,19,13,43,13,25,0,4,14,0,14,6,15,5,1,15,1,7,6,14,36,6,36,38,37,15,7,37,7,39,4,26,28,4,28,14,29,27,5,29,5,15,14,28,46,14,46,36,47,29,15,47,15,37,0,6,16,0,16,8,17,7,1,17,1,9,8,16,34,8,34,32,35,17,9,35,9,33,6,38,40,6,40,16,41,39,7,41,7,17,16,40,48,16,48,34,49,41,17,49,17,35],
  "Ni" : 1.00000,
  "Ka" : [0.00000,0.00000,0.00000],
  "d" : 1.00000,
  "Kd" : [0.00000,0.00000,0.00000],
  "illum" : 2,
  "Ks" : [0.50000,0.50000,0.50000],
  "Ns" : 194.11765
}