{
  "alias" : "Plane_Plane_kitchen",
  "vertices" : [
	1.000942,0.969446,18.962063,
	0.894472,0.467391,10.602432,
	3.881153,0.397183,10.594515,
	3.957222,0.908052,18.955141,
	1.008365,1.006151,21.806107,
	3.964645,0.944757,21.799183,
	7.551158,0.833416,18.946726,
	8.309136,0.868172,21.790546,
	9.740969,0.795872,18.975489,
	9.677129,0.839763,21.787344,
	7.824632,0.793308,16.289562,
	9.751749,0.756446,16.318403,
	9.750146,0.748525,15.704687,
	7.823029,0.785387,15.675846,
	7.466138,0.792798,15.676682,
	7.467741,0.800719,16.290398,
	8.832193,0.85731,21.789322,
	8.48702,0.821482,18.945379,
	8.347687,0.782445,16.288338,
	8.346085,0.774524,15.674622,
	7.901683,0.766423,13.982421,
	8.349683,0.755755,13.981218,
	7.544792,0.773835,13.983256,
	7.900749,0.814445,13.157885,
	7.543859,0.821857,13.15872,
	8.423805,0.803583,13.156659,
	9.907319,0.75482,13.15263,
	9.908253,0.706797,13.977166,
	8.420673,0.96471,10.390663,
	9.904188,0.915947,10.386634,
	7.897618,0.975572,10.391889,
	-2.229169,1.036527,18.969627,
	-2.221746,1.073232,21.813669,
	-4.871441,1.043388,18.970402,
	-4.864018,1.080093,21.814442,
	-2.227501,1.036474,13.984908,
	-4.869773,1.043335,13.985682,
	0.996952,0.782061,18.967485,
	0.890279,0.280276,10.613808,
	3.87696,0.210068,10.60589,
	3.95337,0.720662,18.960682,
	1.004477,0.818697,21.808531,
	3.960968,0.757304,21.801807,
	7.548201,0.645949,18.949532,
	8.306147,0.680708,21.793411,
	9.737194,0.608425,18.978333,
	9.673237,0.652313,21.790176,
	7.821176,0.60585,16.292089,
	9.748215,0.568989,16.321045,
	9.746729,0.56106,15.70711,
	7.819063,0.597931,15.678031,
	7.462251,0.605341,15.678855,
	7.463853,0.613265,16.292824,
	8.82889,0.669852,21.792183,
	8.483833,0.634018,18.948204,
	8.344297,0.594987,16.290939,
	8.342236,0.587066,15.676897,
	7.897611,0.579015,13.977901,
	8.344666,0.568435,13.974464,
	7.54089,0.586417,13.978846,
	7.896726,0.627302,13.146937,
	7.539947,0.634703,13.147824,
	8.418343,0.616472,13.145664,
	9.900543,0.567749,13.141616,
	9.901567,0.519732,13.966026,
	8.415283,0.777592,10.379772,
	9.89732,0.728877,10.375747,
	7.893705,0.788418,10.380993,
	-2.230095,0.849024,18.971237,
	-2.223416,0.885743,21.81609,
	-4.87089,0.855872,18.971603,
	-4.863464,0.892587,21.816853,
	-2.226947,0.848954,13.984905,
	-4.869219,0.855815,13.98568],
  "indices" : [0,3,2,0,2,1,3,0,4,3,4,5,3,5,7,3,7,6,10,13,14,10,14,15,7,16,17,7,17,6,16,9,8,16,8,17,6,17,18,6,18,10,17,8,11,17,11,18,10,18,19,10,19,13,18,11,12,18,12,19,13,19,21,13,21,20,14,13,20,14,20,22,22,20,23,22,23,24,20,21,25,20,25,23,25,21,27,25,27,26,25,26,29,25,29,28,23,25,28,23,28,30,4,0,31,4,31,32,32,31,33,32,33,34,33,31,35,33,35,36,39,40,37,39,37,38,41,37,40,41,40,42,44,42,40,44,40,43,51,50,47,51,47,52,54,53,44,54,44,43,45,46,53,45,53,54,55,54,43,55,43,47,48,45,54,48,54,55,56,55,47,56,47,50,49,48,55,49,55,56,58,56,50,58,50,57,57,50,51,57,51,59,60,57,59,60,59,61,62,58,57,62,57,60,64,58,62,64,62,63,66,63,62,66,62,65,65,62,60,65,60,67,68,37,41,68,41,69,70,68,69,70,69,71,72,68,70,72,70,73,16,7,44,16,44,53,4,32,69,4,69,41,36,35,72,36,72,73,29,26,63,29,63,66,27,21,58,27,58,64,5,4,41,5,41,42,8,9,46,8,46,45,15,14,51,15,51,52,10,15,52,10,52,47,33,36,73,33,73,70,2,3,40,2,40,39,35,31,68,35,68,72,34,33,70,34,70,71,3,6,43,3,43,40,30,28,65,30,65,67,1,2,39,1,39,38,14,22,59,14,59,51,7,5,42,7,42,44,22,24,61,22,61,59,9,16,53,9,53,46,24,23,60,24,60,61,28,29,66,28,66,65,0,1,38,0,38,37,26,27,64,26,64,63,32,34,71,32,71,69,12,11,48,12,48,49,6,10,47,6,47,43,19,12,49,19,49,56,11,8,45,11,45,48,23,30,67,23,67,60,31,0,37,31,37,68,21,19,56,21,56,58],
  "Ni" : 1.00000,
  "ambient" : [0.00000,0.00000,0.00000],
  "d" : 1.00000,
  "color" : [0.53795,0.46206,0.40710],
  "illum" : 2,
  "specular" : [0.50000,0.50000,0.50000],
  "shininess" : 96.07843
}