{
  "alias" : "Mesh.138_Mesh.143_blk",
  "vertices" : [
	-7.069016,5.151594,-0.392945,
	-7.069016,5.151594,0.138159,
	-7.557986,5.151594,0.138159,
	-7.557986,5.151594,-0.392946,
	-7.069016,5.071699,-0.392945,
	-7.069016,5.071699,0.13816,
	-7.557986,5.071699,0.138159,
	-7.557986,5.071699,-0.392945,
	-7.557986,5.151594,0.339115,
	-7.557986,5.071699,0.339115,
	-7.069016,5.151594,0.339115,
	-7.069016,5.071699,0.339115,
	-7.069016,5.22714,0.48779,
	-7.557986,5.22714,0.48779,
	-7.557986,5.160912,0.539927,
	-7.069016,5.160912,0.539927,
	-7.557986,5.309648,0.615901,
	-7.557986,5.348008,0.534136,
	-7.069016,5.348008,0.534137,
	-7.069016,5.309649,0.615901,
	-7.069016,6.47136,0.726355,
	-7.557986,6.47136,0.726354,
	-7.557986,6.433001,0.808119,
	-7.069016,6.433001,0.808119,
	-7.069016,6.338964,0.7037,
	-7.557986,6.338964,0.7037,
	-7.557986,6.300604,0.785464,
	-7.069016,6.300604,0.785464,
	-7.069016,5.151594,-0.053038,
	-7.557986,5.151594,-0.053038,
	-7.069016,5.071699,-0.053038,
	-7.557986,5.071699,-0.053038],
  "indices" : [4,0,3,4,3,7,6,2,8,6,8,9,1,5,11,1,11,10,5,6,9,5,9,11,2,1,10,2,10,8,8,10,12,8,12,13,11,9,14,11,14,15,10,11,15,10,15,12,9,8,13,9,13,14,14,13,17,14,17,16,12,15,19,12,19,18,15,14,16,15,16,19,13,12,18,13,18,17,20,23,22,20,22,21,18,24,25,18,25,17,24,20,21,24,21,25,16,26,27,16,27,19,26,22,23,26,23,27,19,27,24,19,24,18,27,23,20,27,20,24,17,25,26,17,26,16,25,21,22,25,22,26,0,28,29,0,29,3,28,1,2,28,2,29,7,31,30,7,30,4,31,6,5,31,5,30,28,0,4,28,4,30,30,5,1,30,1,28,6,31,29,6,29,2,31,7,3,31,3,29],
  "Ni" : 1.00000,
  "ambient" : [0.00000,0.00000,0.00000],
  "d" : 1.00000,
  "color" : [0.05344,0.05344,0.05344],
  "illum" : 2,
  "specular" : [0.50000,0.50000,0.50000],
  "shininess" : -0.00002
}