{
  "alias" : "Cube.042_Cube.050_WOOD",
  "vertices" : [
	3.461731,2.671764,-3.663386,
	3.461731,2.671764,-1.764319,
	2.696104,2.671764,-1.764319,
	2.696104,2.671764,-3.663387,
	3.461731,2.47648,-3.663386,
	3.461731,2.47648,-1.764319,
	2.696103,2.47648,-1.764319,
	2.696104,2.47648,-3.663386],
  "indices" : [0,1,2,0,2,3,4,7,6,4,6,5,0,4,5,0,5,1,1,5,6,1,6,2,2,6,7,2,7,3,4,0,3,4,3,7],
  "Ni" : 1.00000,
  "ambient" : [0.00000,0.00000,0.00000],
  "d" : 1.00000,
  "color" : [0.57843,0.31405,0.15205],
  "illum" : 2,
  "specular" : [0.50000,0.50000,0.50000],
  "shininess" : 96.07843
}