{
  "alias" : "Mesh.178_Mesh.183_WHITE",
  "vertices" : [
	-5.4427,3.507751,1.269545,
	-1.112856,3.507751,1.269545,
	-1.112856,3.507751,8.214121,
	-5.4427,3.507751,8.214119,
	-5.442699,4.325546,1.269543,
	-1.112855,4.325546,1.269547,
	-1.112856,4.325546,8.214122,
	-5.4427,4.325546,8.21412],
  "indices" : [0,1,2,0,2,3,4,7,6,4,6,5,0,4,5,0,5,1,1,5,6,1,6,2,2,6,7,2,7,3,4,0,3,4,3,7],
  "Ni" : 1.00000,
  "ambient" : [0.00000,0.00000,0.00000],
  "d" : 1.00000,
  "color" : [0.80000,0.80000,0.80000],
  "illum" : 2,
  "specular" : [0.50000,0.50000,0.50000],
  "shininess" : -0.00002
}