{
  "alias" : "Cube.050_Cube.058_",
  "vertices" : [
	4.033063,-2.557679,-0.175429,
	4.033063,-2.557679,-0.08491,
	3.942544,-2.557679,-0.08491,
	3.942544,-2.644731,-0.175429,
	3.844146,-0.027226,-0.175429,
	3.844146,-0.027226,-0.08491,
	3.767621,-0.027226,-0.08491,
	3.767621,-0.027226,-0.175429,
	4.029556,-2.281144,-0.088417,
	4.029556,-1.90195,-0.088417,
	4.029556,-1.522757,-0.088417,
	4.029556,-1.143564,-0.088417,
	4.029221,-0.765621,-0.088034,
	3.980552,-0.445017,-0.087996,
	3.841699,-0.197353,-0.089271,
	4.029556,-2.281144,-0.171922,
	4.029556,-1.90195,-0.171922,
	4.029556,-1.522757,-0.171922,
	4.029556,-1.143564,-0.171922,
	4.029221,-0.765621,-0.172305,
	3.980552,-0.445017,-0.172343,
	3.841699,-0.197353,-0.171068,
	3.946051,-2.281144,-0.088417,
	3.946051,-1.90195,-0.088417,
	3.946051,-1.522757,-0.088417,
	3.946051,-1.143564,-0.088417,
	3.945606,-0.76317,-0.088815,
	3.896253,-0.437459,-0.088857,
	3.771702,-0.192226,-0.087631,
	3.946051,-2.281144,-0.171922,
	3.946051,-1.90195,-0.171922,
	3.946051,-1.522757,-0.171922,
	3.946051,-1.143564,-0.171922,
	3.945606,-0.76317,-0.171524,
	3.896253,-0.437459,-0.171482,
	3.771702,-0.192226,-0.172708,
	3.863415,-2.630223,-0.005781,
	4.112192,-2.630223,-0.005781,
	4.112192,-2.630223,-0.254557,
	4.283583,-2.688257,-0.425949,
	4.283584,-2.688257,0.165611,
	3.692024,-2.688257,0.165611],
  "indices" : [0,1,2,0,2,3,4,7,6,4,6,5,0,15,8,0,8,1,15,16,9,15,9,8,16,17,10,16,10,9,17,18,11,17,11,10,18,19,12,18,12,11,19,20,13,19,13,12,20,21,14,20,14,13,21,4,5,21,5,14,1,8,22,1,22,2,8,9,23,8,23,22,9,10,24,9,24,23,10,11,25,10,25,24,11,12,26,11,26,25,12,13,27,12,27,26,13,14,28,13,28,27,14,5,6,14,6,28,2,22,29,2,29,3,22,23,30,22,30,29,23,24,31,23,31,30,24,25,32,24,32,31,25,26,33,25,33,32,26,27,34,26,34,33,27,28,35,27,35,34,28,6,7,28,7,35,4,21,35,4,35,7,21,20,34,21,34,35,20,19,33,20,33,34,19,18,32,19,32,33,18,17,31,18,31,32,17,16,30,17,30,31,16,15,29,16,29,30,15,0,3,15,3,29,0,1,37,0,37,38,1,2,36,1,36,37,37,36,41,37,41,40,38,37,40,38,40,39],
  "ambient" : [0.00000,0.00000,0.00000],
  "d" : 1.00000,
  "color" : [0.80000,0.80000,0.80000],
  "illum" : 2,
  "specular" : [0.80000,0.80000,0.80000],
  "shininess" : 0.00000
}