{
  "alias" : "Cube.034_Cube.042_WOOD",
  "vertices" : [
	7.442934,-1.937608,-1.791034,
	7.442934,-1.937608,0.108033,
	6.677306,-1.937608,0.108033,
	6.677307,-1.937608,-1.791035,
	7.442934,-2.132892,-1.791034,
	7.442934,-2.132892,0.108033,
	6.677306,-2.132892,0.108032,
	6.677307,-2.132892,-1.791034],
  "indices" : [0,1,2,0,2,3,4,7,6,4,6,5,0,4,5,0,5,1,1,5,6,1,6,2,2,6,7,2,7,3,4,0,3,4,3,7],
  "Ni" : 1.00000,
  "ambient" : [0.00000,0.00000,0.00000],
  "d" : 1.00000,
  "color" : [0.57843,0.31405,0.15205],
  "illum" : 2,
  "specular" : [0.50000,0.50000,0.50000],
  "shininess" : 96.07843
}