{
  "alias" : "Mesh.159_Mesh.164_paper",
  "vertices" : [
	-7.085947,5.850341,-2.591223,
	-6.355927,5.850341,-3.029863,
	-5.572807,5.850341,-1.726533,
	-6.302828,5.850341,-1.287893],
  "indices" : [0,3,2,0,2,1],
  "Ni" : 1.00000,
  "ambient" : [0.00000,0.00000,0.00000],
  "d" : 1.00000,
  "color" : [0.64000,0.64000,0.64000],
  "illum" : 2,
  "texture" : "New",
  "specular" : [0.50000,0.50000,0.50000],
  "shininess" : 96.07843
}