{
  "alias" : "Cube.028_Cube.034_potrait_Nature-Art-Wallpaper1",
  "vertices" : [
	2.494359,0.068849,-3.514928,
	1.57783,0.068849,-3.514928,
	2.494359,1.447266,-3.514928,
	1.57783,1.447266,-3.514928],
  "indices" : [3,1,0,3,0,2],
  "texcoords" : [
	0.876092,0.000606,
	0.207379,0.000606,
	0.876092,1.006318,
	0.207379,1.006318],
  "Ni" : 1.00000,
  "ambient" : [0.00000,0.00000,0.00000],
  "d" : 1.00000,
  "color" : [0.80000,0.69515,0.55444],
  "illum" : 2,
  "texture" : "New",
  "specular" : [0.50000,0.50000,0.50000],
  "shininess" : 96.07843
}