{
  "alias" : "Cube.027_Cube.033_potrait_fire_art_13.jpg",
  "vertices" : [
	0.996632,0.173088,-3.512533,
	0.218723,0.173088,-3.512533,
	0.996631,1.343026,-3.512533,
	0.218723,1.343026,-3.512533],
  "indices" : [3,1,0,3,0,2],
  "texcoords" : [
	0.98966,-0.012339,
	0.007926,-0.012339,
	0.98966,0.972331,
	0.007926,0.972331],
  "Ni" : 1.00000,
  "ambient" : [0.00000,0.00000,0.00000],
  "d" : 1.00000,
  "color" : [0.80000,0.69515,0.55444],
  "illum" : 2,
  "texture" : "New",
  "specular" : [0.50000,0.50000,0.50000],
  "shininess" : 96.07843
}