{
  "alias" : "Cube.041_Cube.049_WOOD",
  "vertices" : [
	6.501452,0.249754,-3.64409,
	6.501452,0.249754,-1.745023,
	5.735825,0.249754,-1.745023,
	5.735826,0.249754,-3.64409,
	6.501453,0.054471,-3.644089,
	6.501452,0.054471,-1.745022,
	5.735825,0.054471,-1.745023,
	5.735826,0.054471,-3.64409],
  "indices" : [0,1,2,0,2,3,4,7,6,4,6,5,0,4,5,0,5,1,1,5,6,1,6,2,2,6,7,2,7,3,4,0,3,4,3,7],
  "Ni" : 1.00000,
  "ambient" : [0.00000,0.00000,0.00000],
  "d" : 1.00000,
  "color" : [0.57843,0.31405,0.15205],
  "illum" : 2,
  "specular" : [0.50000,0.50000,0.50000],
  "shininess" : 96.07843
}