{
  "alias" : "Cube.015_Cube.021_BOOK",
  "vertices" : [
	2.566603,-1.154104,2.388195,
	2.779085,-1.154104,2.843863,
	2.159631,-1.154104,3.13272,
	1.947149,-1.154104,2.677051,
	2.566603,-1.04135,2.388195,
	2.779084,-1.04135,2.843863,
	2.159631,-1.04135,3.13272,
	1.947149,-1.04135,2.677051],
  "indices" : [0,1,2,0,2,3,4,7,6,4,6,5,0,4,5,0,5,1,1,5,6,1,6,2,2,6,7,2,7,3,4,0,3,4,3,7],
  "Ni" : 1.00000,
  "ambient" : [0.00000,0.00000,0.00000],
  "d" : 1.00000,
  "color" : [0.41820,0.64000,0.36204],
  "illum" : 2,
  "specular" : [0.50000,0.50000,0.50000],
  "shininess" : 96.07843
}