{
  "alias" : "Mesh.163_Mesh.168_TV_Nature-Art-Wallpaper1",
  "vertices" : [
	0.492858,7.429492,-2.822248,
	-2.920431,7.429492,-2.822248,
	0.492859,9.601323,-2.822248,
	-2.92043,9.601323,-2.822248],
  "indices" : [2,0,1,2,1,3],
  "texcoords" : [
	1.063184,0.034044,
	-0.102617,0.034044,
	1.063184,1.068168,
	-0.102617,1.068168],
  "Ni" : 1.00000,
  "ambient" : [0.00000,0.00000,0.00000],
  "d" : 1.00000,
  "color" : [0.48305,0.08885,0.11964],
  "illum" : 2,
  "texture" : "New",
  "specular" : [0.50000,0.50000,0.50000],
  "shininess" : 96.07843
}