{
  "alias" : "Cube.004_Cube.009_STEEL_T",
  "vertices" : [
	3.519626,-2.386611,-1.0,
	3.519626,-2.386611,1.0,
	-1.802662,-2.386611,1.0,
	-1.80266,-2.386611,-1.0,
	3.447548,-2.386611,1.0,
	3.447548,-2.386611,-1.0,
	-1.729742,-2.386611,1.0,
	-1.729741,-2.386611,-1.0,
	3.519626,-2.386611,-0.839074,
	3.519626,-2.386611,0.839074,
	-1.802661,-2.386611,0.839074,
	-1.802661,-2.386611,-0.839076,
	3.447548,-2.386611,0.839074,
	3.447548,-2.386611,-0.839075,
	-1.729742,-2.386611,0.839074,
	-1.729741,-2.386611,-0.839076,
	-1.802661,-2.677063,-0.839076,
	-1.729741,-2.677063,-0.839076,
	-1.802661,-2.677063,0.839074,
	-1.729742,-2.677063,0.839074,
	3.519626,-2.677063,0.839074,
	3.447548,-2.677063,0.839074,
	3.519626,-2.677063,-0.839074,
	3.447548,-2.677063,-0.839075,
	-1.729741,-2.677063,-1.0,
	-1.729742,-2.677063,1.0,
	3.447548,-2.677063,-1.0,
	3.447548,-2.677063,1.0,
	-1.80266,-2.677063,-1.0,
	-1.802662,-2.677063,1.0,
	3.519626,-2.677063,1.0,
	3.519626,-2.677063,-1.0],
  "indices" : [15,11,16,15,16,17,10,14,19,10,19,18,12,9,20,12,20,21,8,13,23,8,23,22,7,15,17,7,17,24,14,6,25,14,25,19,13,5,26,13,26,23,4,12,21,4,21,27,11,3,28,11,28,16,2,10,18,2,18,29,9,1,30,9,30,20,0,8,22,0,22,31,3,7,24,3,24,28,6,2,29,6,29,25,5,0,31,5,31,26,1,4,27,1,27,30,16,28,24,16,24,17,29,18,19,29,19,25,20,30,27,20,27,21,31,22,23,31,23,26],
  "Ni" : 1.00000,
  "ambient" : [0.00000,0.00000,0.00000],
  "d" : 1.00000,
  "color" : [0.80000,0.72657,0.62875],
  "illum" : 2,
  "specular" : [0.50000,0.50000,0.50000],
  "shininess" : 96.07843
}