{
  "alias" : "Plane.001_Plane.001_STEEL",
  "vertices" : [
	9.932584,0.530426,15.691963,
	8.340885,0.556913,15.661953,
	8.419538,0.537949,13.968527,
	9.929112,0.489119,13.96449,
	9.869744,-2.555981,13.97689,
	9.865631,-2.558599,15.699327,
	8.383204,0.069205,13.975378,
	8.300335,0.075002,15.666027,
	9.777114,0.071168,15.665594,
	9.859982,0.065371,13.974946,
	9.924419,0.398813,15.82529,
	8.271102,0.390017,15.72086,
	8.350827,0.373482,13.902327,
	9.919754,0.361042,13.827832,
	9.870953,-2.423302,13.844402,
	9.861891,-2.424948,15.830827,
	8.242734,0.136373,13.85043,
	8.153086,0.142968,15.784584,
	9.776558,0.25869,15.664984,
	9.859426,0.252893,13.974336],
  "indices" : [0,3,4,0,4,5,6,4,3,2,6,3,1,7,6,1,6,2,7,0,5,7,1,0,7,6,9,7,9,8,14,13,10,14,10,15,13,14,16,13,16,12,16,17,11,16,11,12,15,10,17,10,11,17,19,16,17,19,17,18,7,8,18,7,18,17,9,6,16,9,16,19,3,0,10,3,10,13,5,4,14,5,14,15,8,9,19,8,19,18],
  "Ni" : 1.00000,
  "ambient" : [0.00000,0.00000,0.00000],
  "d" : 1.00000,
  "color" : [0.56844,0.56844,0.56844],
  "illum" : 2,
  "specular" : [0.50000,0.50000,0.50000],
  "shininess" : 96.07843
}