{
  "alias" : "Cube.079_Cube.085_007",
  "vertices" : [
	-5.634227,3.406415,7.637522,
	-5.634228,11.634638,7.637523,
	-8.496816,3.443172,7.637522,
	-8.496817,11.634638,7.637522],
  "indices" : [0,2,3,0,3,1],
  "Ni" : 1.00000,
  "ambient" : [0.00000,0.00000,0.00000],
  "d" : 1.00000,
  "color" : [0.32875,0.09652,0.01918],
  "illum" : 2,
  "specular" : [0.50000,0.50000,0.50000],
  "shininess" : 96.07843
}