{
  "alias" : "Cube.048_Cube.056_WHITE",
  "vertices" : [
	5.71287,-2.350699,-3.355397,
	5.71287,-0.691224,-3.355396,
	3.913993,-0.691224,-3.355396,
	3.913994,-2.350699,-3.355397,
	5.71287,-2.350698,-3.614144,
	5.712869,-0.691223,-3.614144,
	3.913993,-0.691224,-3.614144,
	3.913994,-2.350699,-3.614144,
	5.413057,-0.691224,-3.355396,
	5.113244,-0.691224,-3.355396,
	4.813431,-0.691224,-3.355396,
	4.513619,-0.691224,-3.355396,
	4.213806,-0.691224,-3.355396,
	5.413057,-2.350699,-3.355397,
	5.113245,-2.350699,-3.355397,
	4.813432,-2.350699,-3.355397,
	4.513619,-2.350699,-3.355397,
	4.213807,-2.350699,-3.355397,
	5.413056,-0.691224,-3.614144,
	5.113244,-0.691224,-3.614144,
	4.813431,-0.691224,-3.614144,
	4.513618,-0.691224,-3.614144,
	4.213806,-0.691224,-3.614144,
	5.413057,-2.350698,-3.614144,
	5.113245,-2.350698,-3.614144,
	4.813432,-2.350698,-3.614144,
	4.513619,-2.350698,-3.614144,
	4.213806,-2.350699,-3.614144,
	5.434793,-2.230392,-3.355397,
	5.434793,-0.811531,-3.355396,
	5.691134,-2.230392,-3.355397,
	5.691134,-0.811531,-3.355396,
	5.691134,-2.230392,-3.666514,
	5.691134,-0.811531,-3.666514,
	5.434793,-0.811531,-3.666514,
	5.434793,-2.230392,-3.666514,
	5.143023,-2.256384,-3.355397,
	5.143023,-0.785539,-3.355396,
	5.383279,-2.256384,-3.355397,
	5.383279,-0.785539,-3.355396,
	5.143023,-0.785539,-3.552315,
	5.383279,-0.785539,-3.552315,
	5.383279,-2.256384,-3.552315,
	5.143023,-2.256384,-3.552315,
	4.826328,-0.762605,-3.355396,
	4.826328,-2.279318,-3.355397,
	5.100348,-2.279318,-3.355397,
	5.100348,-0.762605,-3.355396,
	4.826328,-0.762605,-3.592638,
	5.100348,-0.762605,-3.592638,
	5.100348,-2.279318,-3.592638,
	4.826328,-2.279318,-3.592638,
	4.528171,-0.771772,-3.355396,
	4.528172,-2.270151,-3.355397,
	4.798879,-0.771772,-3.355396,
	4.798879,-2.270151,-3.355397,
	4.528171,-0.771772,-3.606167,
	4.798879,-0.771772,-3.606167,
	4.798879,-2.270151,-3.606167,
	4.528172,-2.270151,-3.606167,
	4.238922,-2.211683,-3.355397,
	4.238922,-0.83024,-3.355396,
	4.488503,-0.83024,-3.355396,
	4.488503,-2.211683,-3.355397,
	4.238922,-0.83024,-3.555342,
	4.488503,-0.83024,-3.555342,
	4.238922,-2.211683,-3.555342,
	4.488503,-2.211683,-3.555342,
	4.190933,-2.224094,-3.355397,
	4.190933,-0.817829,-3.355396,
	3.936867,-2.224094,-3.355397,
	3.936867,-0.817829,-3.355396,
	3.936867,-0.817829,-3.580923,
	3.936867,-2.224094,-3.580923,
	4.190933,-0.817829,-3.580923,
	4.190933,-2.224094,-3.580923],
  "indices" : [0,4,5,0,5,1,2,6,7,2,7,3,4,23,18,4,18,5,23,24,19,23,19,18,24,25,20,24,20,19,25,26,21,25,21,20,26,27,22,26,22,21,27,7,6,27,6,22,5,18,8,5,8,1,18,19,9,18,9,8,19,20,10,19,10,9,20,21,11,20,11,10,21,22,12,21,12,11,22,6,2,22,2,12,0,13,23,0,23,4,13,14,24,13,24,23,14,15,25,14,25,24,15,16,26,15,26,25,16,17,27,16,27,26,17,3,7,17,7,27,8,13,28,8,28,29,13,0,30,13,30,28,1,8,29,1,29,31,0,1,31,0,31,30,30,31,33,30,33,32,31,29,34,31,34,33,28,30,32,28,32,35,29,28,35,29,35,34,33,34,35,33,35,32,9,14,36,9,36,37,13,8,39,13,39,38,14,13,38,14,38,36,8,9,37,8,37,39,39,37,40,39,40,41,36,38,42,36,42,43,38,39,41,38,41,42,37,36,43,37,43,40,41,40,43,41,43,42,10,15,45,10,45,44,14,9,47,14,47,46,15,14,46,15,46,45,9,10,44,9,44,47,47,44,48,47,48,49,45,46,50,45,50,51,46,47,49,46,49,50,44,45,51,44,51,48,49,48,51,49,51,50,11,16,53,11,53,52,15,10,54,15,54,55,16,15,55,16,55,53,10,11,52,10,52,54,54,52,56,54,56,57,53,55,58,53,58,59,55,54,57,55,57,58,52,53,59,52,59,56,57,56,59,57,59,58,12,17,60,12,60,61,16,11,62,16,62,63,17,16,63,17,63,60,11,12,61,11,61,62,62,61,64,62,64,65,60,63,67,60,67,66,63,62,65,63,65,67,61,60,66,61,66,64,65,64,66,65,66,67,17,12,69,17,69,68,3,17,68,3,68,70,12,2,71,12,71,69,2,3,70,2,70,71,71,70,73,71,73,72,69,71,72,69,72,74,70,68,75,70,75,73,68,69,74,68,74,75,74,72,73,74,73,75],
  "Ni" : 1.00000,
  "ambient" : [0.00000,0.00000,0.00000],
  "d" : 1.00000,
  "color" : [0.80000,0.80000,0.80000],
  "illum" : 2,
  "specular" : [0.50000,0.50000,0.50000],
  "shininess" : -0.00002
}