{
  "alias" : "Mesh.184_Mesh.012_",
  "vertices" : [
	0.975933,2.542646,5.798249,
	0.975933,2.542646,8.157406,
	-1.383224,2.542646,8.157406,
	-1.383223,2.542646,5.798248,
	0.975934,3.221727,5.798249,
	0.975932,3.221727,8.157406,
	-1.383224,3.221727,8.157405,
	-1.383224,3.221727,5.798248,
	-0.795012,2.542646,7.59642,
	-0.726944,2.542646,6.468141,
	0.387721,2.542646,6.481755,
	0.374108,2.542646,7.528353,
	-0.203645,2.542646,8.157406,
	-0.203645,2.542646,5.798248,
	-0.203646,3.221727,8.157406,
	-0.203645,3.221727,5.798249,
	-0.203645,2.542646,6.209485,
	-0.203645,2.542646,7.746169,
	0.975933,2.542646,6.977827,
	-1.383224,2.542646,6.977827,
	0.975933,3.221727,6.977828,
	-1.383224,3.221727,6.977827,
	-0.971987,2.542646,6.977827,
	0.607963,2.542646,6.936986,
	-0.203646,3.221727,6.977827],
  "indices" : [5,14,12,5,12,1,14,6,2,14,2,12,0,13,15,0,15,4,13,3,7,13,7,15,3,13,16,3,16,9,13,0,10,13,10,16,1,12,17,1,17,11,12,2,8,12,8,17,18,0,4,18,4,20,20,5,1,20,1,18,6,21,19,6,19,2,21,7,3,21,3,19,2,19,22,2,22,8,19,3,9,19,9,22,0,18,23,0,23,10,18,1,11,18,11,23,15,24,20,15,20,4,24,14,5,24,5,20,7,21,24,7,24,15,21,6,14,21,14,24],
  "ambient" : [0.00000,0.00000,0.00000],
  "d" : 1.00000,
  "color" : [0.80000,0.80000,0.80000],
  "illum" : 2,
  "specular" : [0.80000,0.80000,0.80000],
  "shininess" : 0.00000
}