{
  "alias" : "Cube.061_Cube.064_mirror",
  "vertices" : [
	-5.989204,-1.410329,4.795608,
	-5.989205,-0.102546,4.795608,
	-5.989205,1.205237,4.795608,
	-5.989204,1.236649,2.69082,
	-5.989203,-0.061777,2.69082,
	-5.989203,-1.360203,2.69082,
	-5.989204,-1.376912,3.257046,
	-5.989204,-0.075367,3.257046,
	-5.989204,1.226178,3.257046,
	-5.989205,1.215708,4.026327,
	-5.989205,-0.088956,4.026327,
	-5.989204,-1.393621,4.026327,
	-5.989205,2.292034,4.795608,
	-5.989204,2.315669,2.69082,
	-5.989204,2.307791,3.257046,
	-5.989205,2.299912,4.026327,
	-5.989205,1.373271,4.795608,
	-5.989204,1.40348,2.69082,
	-5.989204,1.39341,3.257046,
	-5.989205,1.383341,4.026327,
	-5.989205,0.196635,4.795608,
	-5.989203,0.235263,2.69082,
	-5.989204,0.222387,3.257046,
	-5.989205,0.209511,4.026327,
	-5.989204,-1.165545,4.795608,
	-5.989203,-1.11717,2.69082,
	-5.989204,-1.133295,3.257046,
	-5.989204,-1.14942,4.026327,
	-5.989204,-2.420063,4.795608,
	-5.989203,-2.362713,2.690821,
	-5.989204,-2.38183,3.257046,
	-5.989204,-2.400947,4.026327,
	-5.989204,1.224724,3.363903,
	-5.989204,-0.077254,3.363903,
	-5.989204,-1.379233,3.363903,
	-5.989204,2.306696,3.363903,
	-5.989204,1.392012,3.363903,
	-5.989204,0.220599,3.363903,
	-5.989204,-1.135535,3.363903,
	-5.989204,-2.384485,3.363903,
	-5.989205,1.214716,4.099213,
	-5.989205,-0.090244,4.099213,
	-5.989204,-1.395204,4.099213,
	-5.989205,2.299166,4.099213,
	-5.989205,1.382386,4.099213,
	-5.989205,0.208291,4.099213,
	-5.989204,-1.150948,4.099213,
	-5.989204,-2.402758,4.099213],
  "indices" : [14,18,17,14,17,13,8,22,21,8,21,3,7,26,25,7,25,4,6,30,29,6,29,5,19,36,35,19,35,15,23,37,32,23,32,9,27,38,33,27,33,10,31,39,34,31,34,11,16,44,43,16,43,12,20,45,40,20,40,2,24,46,41,24,41,1,28,47,42,28,42,0],
  "Ni" : 1.00000,
  "ambient" : [0.00000,0.00000,0.00000],
  "d" : 1.00000,
  "color" : [0.55444,0.65929,0.80000],
  "illum" : 2,
  "specular" : [0.50000,0.50000,0.50000],
  "shininess" : -0.00002
}