{
  "alias" : "Cube.079_Cube.085_wall_bedroom",
  "vertices" : [
	-11.359405,3.321308,-3.609625,
	1.211597,3.321308,-3.609625,
	-11.359402,11.634638,-3.60963,
	-11.602275,11.634638,8.521654,
	1.485784,11.634638,-3.587856,
	-11.602275,3.479931,8.521654,
	-4.076116,3.321308,-3.609625,
	-4.050248,11.634638,-3.597277,
	-4.076508,3.320403,-3.00847,
	-4.05064,11.633734,-2.996122,
	1.2568,11.633734,-2.986702,
	1.211205,3.320403,-3.008471,
	-5.634228,11.634638,8.521656,
	-5.634227,3.406415,8.521654,
	-5.634227,3.406415,7.637522,
	-5.634228,11.634638,7.637523,
	-11.359405,3.479931,7.637521,
	-11.359405,11.634638,7.637521,
	-5.634228,10.499147,7.759532,
	-5.634228,10.499147,8.399647,
	-5.634227,4.541904,7.759531,
	-5.634227,4.541904,8.399645,
	-10.913763,10.499147,8.399647,
	-10.913763,4.541904,8.399645,
	-10.913763,4.541904,7.759531,
	-10.913763,10.499147,7.759532,
	-4.051504,11.236951,-3.550535,
	-4.051858,11.236133,-3.044825,
	-4.075252,3.718091,-3.055212,
	-4.074897,3.718909,-3.560922,
	0.977273,3.703183,-3.556131,
	1.000666,11.221226,-3.545743,
	0.976918,3.702365,-3.050421,
	1.000311,11.220407,-3.040033,
	-8.496817,11.634638,8.521654,
	-8.496817,3.443172,8.521654,
	-8.496816,3.443172,7.637522,
	-8.496817,11.634638,7.637522,
	1.211597,3.321308,0.664458,
	1.389182,11.634638,0.678558,
	1.211597,3.321308,-2.99106,
	1.471803,11.634638,-2.970401,
	1.456229,11.137074,-2.753242,
	1.227171,3.818872,-2.771429,
	1.383499,11.137074,0.458926,
	1.227171,3.818872,0.446514,
	1.195179,11.142037,0.456027,
	1.038852,3.823835,0.443615,
	1.038852,3.823835,-2.774328,
	1.26791,11.142037,-2.756142],
  "indices" : [0,6,7,0,7,2,4,7,9,4,9,10,6,1,11,6,11,8,1,4,10,1,10,11,8,11,10,8,10,9,5,3,17,5,17,16,15,12,19,15,19,18,14,15,18,14,18,20,13,14,20,13,20,21,12,13,21,12,21,19,19,21,23,19,23,22,21,20,24,21,24,23,20,18,25,20,25,24,18,19,22,18,22,25,22,23,24,22,24,25,9,7,26,9,26,27,8,9,27,8,27,28,6,8,28,6,28,29,7,6,29,7,29,26,26,29,30,26,30,31,29,28,32,29,32,30,28,27,33,28,33,32,27,26,31,27,31,33,31,30,32,31,32,33,13,35,36,13,36,14,35,5,16,35,16,36,3,34,37,3,37,17,34,12,15,34,15,37,36,16,17,36,17,37,1,40,41,1,41,4,41,40,43,41,43,42,39,41,42,39,42,44,40,38,45,40,45,43,38,39,44,38,44,45,45,44,46,45,46,47,43,45,47,43,47,48,44,42,49,44,49,46,42,43,48,42,48,49],
  "Ni" : 1.00000,
  "ambient" : [0.00000,0.00000,0.00000],
  "d" : 1.00000,
  "color" : [0.65823,0.56670,0.41680],
  "illum" : 2,
  "specular" : [0.50000,0.50000,0.50000],
  "shininess" : 96.07843
}