{
  "alias" : "Cube.055_Cube.063_SOFA",
  "vertices" : [
	2.699903,-0.345171,-0.33302,
	3.047856,-0.442968,0.423106,
	2.448447,-1.328759,0.584372,
	2.100495,-1.230962,-0.171754,
	2.916158,-0.513592,-0.454319,
	3.26411,-0.611389,0.301807,
	2.664701,-1.49718,0.463074,
	2.316749,-1.399383,-0.293052],
  "indices" : [0,1,2,0,2,3,4,7,6,4,6,5,0,4,5,0,5,1,1,5,6,1,6,2,2,6,7,2,7,3,4,0,3,4,3,7],
  "Ni" : 1.00000,
  "ambient" : [0.00000,0.00000,0.00000],
  "d" : 1.00000,
  "color" : [0.33900,0.43546,0.47406],
  "illum" : 1,
  "specular" : [0.00000,0.00000,0.00000],
  "shininess" : 96.07843
}