{
  "alias" : "Mesh.021_Mesh.029_WHITE",
  "vertices" : [
	8.376258,-1.653809,-1.722755,
	8.376258,-1.653809,-1.594684,
	8.248187,-1.653809,-1.594684,
	8.248187,-1.653809,-1.722755,
	8.376258,0.175031,-1.722755,
	8.376258,0.175031,-1.594684,
	8.248187,0.175031,-1.594684,
	8.248187,0.175031,-1.722755],
  "indices" : [0,1,2,0,2,3,4,7,6,4,6,5,0,4,5,0,5,1,1,5,6,1,6,2,2,6,7,2,7,3,4,0,3,4,3,7],
  "Ni" : 1.00000,
  "ambient" : [0.00000,0.00000,0.00000],
  "d" : 1.00000,
  "color" : [0.80000,0.80000,0.80000],
  "illum" : 2,
  "specular" : [0.50000,0.50000,0.50000],
  "shininess" : -0.00002
}