{
  "alias" : "Mesh.141_Mesh.146_blk",
  "vertices" : [
	-7.069016,5.151594,0.138159,
	-7.557986,5.151594,0.138159,
	-7.069016,5.071699,0.13816,
	-7.557986,5.071699,0.13816,
	-7.069016,5.151594,-0.053038,
	-7.557986,5.151594,-0.053038,
	-7.069016,5.071699,-0.053038,
	-7.557986,5.071699,-0.053038,
	-6.299595,5.151594,-0.02683,
	-8.327408,5.151594,-0.02683,
	-6.299595,5.071699,-0.053038,
	-8.327408,5.071699,-0.053038,
	-6.299596,5.071699,0.13816,
	-8.327407,5.071699,0.13816,
	-6.299595,5.151594,0.060515,
	-8.327408,5.151594,0.060515,
	-6.398239,5.151594,-0.02683,
	-8.228764,5.151594,-0.02683,
	-6.398239,5.071699,-0.053038,
	-8.228764,5.071699,-0.053038,
	-6.39824,5.071699,0.13816,
	-8.228764,5.071699,0.13816,
	-6.398239,5.151594,0.060515,
	-8.228764,5.151594,0.060515,
	-6.398239,6.154986,-0.03558,
	-8.228764,6.154986,-0.03558,
	-6.398239,6.154986,-0.122926,
	-8.228764,6.154986,-0.122926,
	-6.299595,6.154986,-0.03558,
	-8.327408,6.154986,-0.03558,
	-6.299595,6.154986,-0.122926,
	-8.327408,6.154986,-0.122926,
	-6.299595,6.192426,-1.013998,
	-8.327408,6.192426,-1.013998,
	-6.299595,6.192426,-0.921425,
	-8.327408,6.192426,-0.921425,
	-6.398239,6.192426,-1.013998,
	-8.228764,6.192426,-1.013998,
	-6.398239,6.192426,-0.921425,
	-8.228764,6.192426,-0.921425,
	-6.398239,5.151594,-0.344849,
	-8.228764,5.151594,-0.344849,
	-6.39824,5.071699,-0.272432,
	-8.228764,5.071699,-0.272432,
	-6.398239,5.071699,-0.46363,
	-8.228764,5.071699,-0.46363,
	-6.398239,5.151594,-0.437422,
	-8.228764,5.151594,-0.437422,
	-6.299595,5.151594,-0.344849,
	-8.327408,5.151594,-0.344849,
	-6.299596,5.071699,-0.272432,
	-8.327407,5.071699,-0.272432,
	-6.299595,5.071699,-0.46363,
	-8.327408,5.071699,-0.46363,
	-6.299595,5.151594,-0.437422,
	-8.327408,5.151594,-0.437422,
	-7.069016,5.071699,-0.46363,
	-7.557986,5.071699,-0.46363,
	-7.069016,5.151594,-0.46363,
	-7.557986,5.151594,-0.46363,
	-7.069016,5.071699,-0.272432,
	-7.557986,5.071699,-0.272432,
	-7.069016,5.151594,-0.272432,
	-7.557986,5.151594,-0.272432],
  "indices" : [0,4,6,0,6,2,7,5,1,7,1,3,8,14,12,8,12,10,13,15,9,13,9,11,4,16,18,4,18,6,19,17,5,19,5,7,16,8,10,16,10,18,11,9,17,11,17,19,6,18,20,6,20,2,21,19,7,21,7,3,18,10,12,18,12,20,13,11,19,13,19,21,0,22,16,0,16,4,17,23,1,17,1,5,22,0,2,22,2,20,3,1,23,3,23,21,20,12,14,20,14,22,15,13,21,15,21,23,16,22,24,16,24,26,25,23,17,25,17,27,22,14,28,22,28,24,29,15,23,29,23,25,8,16,26,8,26,30,27,17,9,27,9,31,14,8,30,14,30,28,31,9,15,31,15,29,24,28,30,24,30,26,31,29,25,31,25,27,38,34,32,38,32,36,33,35,39,33,39,37,48,54,32,48,32,34,33,55,49,33,49,35,54,46,36,54,36,32,37,47,55,37,55,33,40,48,34,40,34,38,35,49,41,35,41,39,46,40,38,46,38,36,39,41,47,39,47,37,42,50,48,42,48,40,49,51,43,49,43,41,40,62,60,40,60,42,61,63,41,61,41,43,62,40,46,62,46,58,47,41,63,47,63,59,44,52,50,44,50,42,51,53,45,51,45,43,56,44,42,56,42,60,43,45,57,43,57,61,46,54,52,46,52,44,53,55,47,53,47,45,58,46,44,58,44,56,45,47,59,45,59,57,54,48,50,54,50,52,51,49,55,51,55,53,62,58,56,62,56,60,57,59,63,57,63,61],
  "Ni" : 1.00000,
  "ambient" : [0.00000,0.00000,0.00000],
  "d" : 1.00000,
  "color" : [0.05344,0.05344,0.05344],
  "illum" : 2,
  "specular" : [0.50000,0.50000,0.50000],
  "shininess" : -0.00002
}