{
  "alias" : "Cube.060_Cube.003_mirror",
  "vertices" : [
	-5.989204,-1.410329,2.594459,
	-5.989205,-0.102546,2.594459,
	-5.989205,1.205237,2.594459,
	-5.989204,1.236649,0.489671,
	-5.989203,-0.061777,0.489671,
	-5.989203,-1.360203,0.489671,
	-5.989204,-1.376912,1.055897,
	-5.989204,-0.075367,1.055897,
	-5.989204,1.226178,1.055897,
	-5.989205,1.215708,1.825177,
	-5.989205,-0.088956,1.825177,
	-5.989204,-1.393621,1.825178,
	-5.989205,2.292034,2.594458,
	-5.989204,2.315669,0.489671,
	-5.989204,2.307791,1.055897,
	-5.989205,2.299912,1.825177,
	-5.989205,1.373271,2.594459,
	-5.989204,1.40348,0.489671,
	-5.989204,1.39341,1.055897,
	-5.989205,1.383341,1.825177,
	-5.989205,0.196635,2.594459,
	-5.989203,0.235263,0.489671,
	-5.989204,0.222387,1.055897,
	-5.989205,0.209511,1.825177,
	-5.989204,-1.165545,2.594459,
	-5.989203,-1.11717,0.489671,
	-5.989204,-1.133295,1.055897,
	-5.989204,-1.14942,1.825178,
	-5.989204,-2.420063,2.594459,
	-5.989203,-2.362713,0.489672,
	-5.989204,-2.38183,1.055897,
	-5.989204,-2.400947,1.825178,
	-5.989204,1.224724,1.162753,
	-5.989204,-0.077254,1.162753,
	-5.989204,-1.379233,1.162754,
	-5.989204,2.306696,1.162753,
	-5.989204,1.392012,1.162753,
	-5.989204,0.220599,1.162753,
	-5.989204,-1.135535,1.162754,
	-5.989204,-2.384485,1.162754,
	-5.989205,1.214716,1.898064,
	-5.989205,-0.090244,1.898064,
	-5.989204,-1.395204,1.898064,
	-5.989205,2.299166,1.898064,
	-5.989205,1.382386,1.898064,
	-5.989205,0.208291,1.898064,
	-5.989204,-1.150948,1.898064,
	-5.989204,-2.402758,1.898064],
  "indices" : [14,18,17,14,17,13,8,22,21,8,21,3,7,26,25,7,25,4,6,30,29,6,29,5,19,36,35,19,35,15,23,37,32,23,32,9,27,38,33,27,33,10,31,39,34,31,34,11,16,44,43,16,43,12,20,45,40,20,40,2,24,46,41,24,41,1,28,47,42,28,42,0],
  "Ni" : 1.00000,
  "ambient" : [0.00000,0.00000,0.00000],
  "d" : 1.00000,
  "color" : [0.55444,0.65929,0.80000],
  "illum" : 2,
  "specular" : [0.50000,0.50000,0.50000],
  "shininess" : -0.00002
}