{
  "alias" : "Cube.019_Cube.025_",
  "vertices" : [
	-0.297272,-1.598931,2.482837,
	-0.297272,-1.598931,2.539334,
	-0.353558,-1.594055,2.539334,
	-0.353558,-1.594055,2.482837,
	-0.211565,-0.609448,2.482837,
	-0.211565,-0.609448,2.539334,
	-0.267851,-0.604573,2.539334,
	-0.267851,-0.604573,2.482837],
  "indices" : [0,1,2,0,2,3,4,7,6,4,6,5,0,4,5,0,5,1,1,5,6,1,6,2,2,6,7,2,7,3,4,0,3,4,3,7],
  "ambient" : [0.00000,0.00000,0.00000],
  "d" : 1.00000,
  "color" : [0.80000,0.80000,0.80000],
  "illum" : 2,
  "specular" : [0.80000,0.80000,0.80000],
  "shininess" : 0.00000
}