{
  "alias" : "Mesh.157_Mesh.162_007",
  "vertices" : [
	-8.253114,3.606873,5.533628,
	-6.079919,3.606873,5.533628,
	-6.079919,3.606873,8.291938,
	-8.253114,3.606873,8.291937,
	-8.253114,4.198634,5.533627,
	-6.079918,4.198634,5.533628,
	-6.079919,4.198634,8.291938,
	-8.253114,4.198634,8.291938,
	-8.169546,3.629628,5.533628,
	-8.169546,4.175878,5.533627,
	-6.163486,3.629628,5.533628,
	-6.163486,4.175878,5.533628],
  "indices" : [0,1,2,0,2,3,4,7,6,4,6,5,1,5,6,1,6,2,2,6,7,2,7,3,4,0,3,4,3,7,0,4,9,0,9,8,5,1,10,5,10,11,4,5,11,4,11,9,1,0,8,1,8,10],
  "Ni" : 1.00000,
  "ambient" : [0.00000,0.00000,0.00000],
  "d" : 1.00000,
  "color" : [0.32875,0.09652,0.01918],
  "illum" : 2,
  "specular" : [0.50000,0.50000,0.50000],
  "shininess" : 96.07843
}