{
  "alias" : "Mesh.001_Mesh.001_STEEL",
  "vertices" : [
	8.396293,-1.638764,-1.812577,
	8.406784,-1.625408,-1.789201,
	8.4123,-1.618386,-1.761721,
	8.4123,-1.618386,-1.732827,
	8.406784,-1.625408,-1.705346,
	8.396293,-1.638764,-1.68197,
	8.381853,-1.657147,-1.664987,
	8.364879,-1.678757,-1.656058,
	8.347031,-1.70148,-1.656058,
	8.330055,-1.72309,-1.664987,
	8.315616,-1.741473,-1.68197,
	8.305124,-1.754829,-1.705346,
	8.299609,-1.761851,-1.732827,
	8.299609,-1.761851,-1.761721,
	8.305124,-1.754829,-1.789201,
	8.315616,-1.741473,-1.812577,
	8.330055,-1.72309,-1.829561,
	8.347031,-1.70148,-1.83849,
	8.364879,-1.678757,-1.83849,
	8.381853,-1.657147,-1.829561,
	2.571098,2.936863,-1.812574,
	2.581589,2.950219,-1.789198,
	2.587104,2.95724,-1.761718,
	2.587104,2.95724,-1.732823,
	2.581589,2.950219,-1.705343,
	2.571098,2.936862,-1.681967,
	2.556658,2.918479,-1.664983,
	2.539683,2.896869,-1.656055,
	2.521835,2.874146,-1.656055,
	2.50486,2.852536,-1.664984,
	2.49042,2.834153,-1.681967,
	2.479929,2.820797,-1.705343,
	2.474414,2.813775,-1.732824,
	2.474414,2.813775,-1.761718,
	2.479929,2.820797,-1.789198,
	2.490421,2.834153,-1.812574,
	2.50486,2.852536,-1.829558,
	2.521835,2.874147,-1.838487,
	2.539684,2.896869,-1.838486,
	2.556658,2.91848,-1.829557,
	8.355954,-1.690119,-1.747274,
	2.530759,2.885508,-1.747271,
	8.22261,-1.480741,-1.789201,
	8.212118,-1.494097,-1.812577,
	8.228126,-1.473719,-1.761721,
	8.228126,-1.473719,-1.732827,
	8.22261,-1.480741,-1.705346,
	8.212118,-1.494097,-1.68197,
	8.19768,-1.51248,-1.664987,
	8.180704,-1.53409,-1.656058,
	8.162856,-1.556813,-1.656058,
	8.145881,-1.578423,-1.664987,
	8.131441,-1.596806,-1.68197,
	8.120951,-1.610162,-1.705346,
	8.115435,-1.617184,-1.732827,
	8.115435,-1.617184,-1.761721,
	8.120951,-1.610162,-1.789201,
	8.131441,-1.596806,-1.812577,
	8.145882,-1.578423,-1.829561,
	8.162856,-1.556813,-1.83849,
	8.180704,-1.53409,-1.83849,
	8.19768,-1.51248,-1.829561],
  "indices" : [40,0,1,41,21,20,40,1,2,41,22,21,40,2,3,41,23,22,40,3,4,41,24,23,40,4,5,41,25,24,40,5,6,41,26,25,40,6,7,41,27,26,40,7,8,41,28,27,40,8,9,41,29,28,40,9,10,41,30,29,40,10,11,41,31,30,40,11,12,41,32,31,40,12,13,41,33,32,40,13,14,41,34,33,40,14,15,41,35,34,40,15,16,41,36,35,40,16,17,41,37,36,40,17,18,41,38,37,40,18,19,41,39,38,19,0,40,41,20,39,0,43,42,0,42,1,43,20,21,43,21,42,1,42,44,1,44,2,42,21,22,42,22,44,2,44,45,2,45,3,44,22,23,44,23,45,3,45,46,3,46,4,45,23,24,45,24,46,4,46,47,4,47,5,46,24,25,46,25,47,5,47,48,5,48,6,47,25,26,47,26,48,6,48,49,6,49,7,48,26,27,48,27,49,7,49,50,7,50,8,49,27,28,49,28,50,8,50,51,8,51,9,50,28,29,50,29,51,9,51,52,9,52,10,51,29,30,51,30,52,10,52,53,10,53,11,52,30,31,52,31,53,11,53,54,11,54,12,53,31,32,53,32,54,12,54,55,12,55,13,54,32,33,54,33,55,13,55,56,13,56,14,55,33,34,55,34,56,14,56,57,14,57,15,56,34,35,56,35,57,15,57,58,15,58,16,57,35,36,57,36,58,16,58,59,16,59,17,58,36,37,58,37,59,17,59,60,17,60,18,59,37,38,59,38,60,18,60,61,18,61,19,60,38,39,60,39,61,20,43,61,20,61,39,43,0,19,43,19,61],
  "Ni" : 1.00000,
  "ambient" : [0.00000,0.00000,0.00000],
  "d" : 1.00000,
  "color" : [0.56844,0.56844,0.56844],
  "illum" : 2,
  "specular" : [0.50000,0.50000,0.50000],
  "shininess" : 96.07843
}