{
  "alias" : "Mesh.136_Mesh.141_",
  "vertices" : [
	-7.006962,5.124586,-0.259405,
	-7.024307,5.124586,-0.329713,
	-6.976921,5.124586,-0.381182,
	-6.912191,5.124586,-0.362343,
	-6.894846,5.124586,-0.292035,
	-6.942232,5.124586,-0.240566,
	-7.006962,5.083729,-0.259405,
	-7.024307,5.083729,-0.329713,
	-6.976921,5.083729,-0.381182,
	-6.912191,5.083729,-0.362343,
	-6.894846,5.083729,-0.292035,
	-6.942232,5.083729,-0.240566,
	-6.959577,5.124586,-0.310874,
	-6.959577,5.083729,-0.310874],
  "indices" : [12,0,1,13,7,6,12,1,2,13,8,7,12,2,3,13,9,8,12,3,4,13,10,9,12,4,5,13,11,10,5,0,12,13,6,11,0,6,7,0,7,1,1,7,8,1,8,2,2,8,9,2,9,3,3,9,10,3,10,4,4,10,11,4,11,5,6,0,5,6,5,11],
  "ambient" : [0.00000,0.00000,0.00000],
  "d" : 1.00000,
  "color" : [0.80000,0.80000,0.80000],
  "illum" : 2,
  "specular" : [0.80000,0.80000,0.80000],
  "shininess" : 0.00000
}