{
  "alias" : "Mesh.185_Mesh.013_WHITE",
  "vertices" : [
	2.936484,3.160326,8.750624,
	2.48543,3.160326,8.750624,
	2.034375,3.160326,8.750624,
	1.583321,3.160326,8.750624,
	1.132267,3.160326,8.750624,
	0.681212,3.160326,8.750624,
	0.230158,3.160326,8.750624,
	-0.220896,3.160326,8.750624,
	-0.67195,3.160326,8.750624,
	-1.123005,3.160326,8.750625,
	2.870153,3.160326,8.750624,
	2.419098,3.160326,8.750624,
	1.968044,3.160326,8.750624,
	1.51699,3.160326,8.750624,
	1.065935,3.160326,8.750624,
	0.614881,3.160326,8.750624,
	0.163827,3.160326,8.750624,
	-0.287228,3.160326,8.750624,
	-0.738282,3.160326,8.750624,
	-1.189336,3.160326,8.750625,
	2.870153,3.160326,8.590952,
	2.419098,3.160326,8.590952,
	1.968044,3.160326,8.590952,
	1.51699,3.160326,8.590952,
	1.065935,3.160326,8.590952,
	0.614881,3.160326,8.590952,
	0.163827,3.160326,8.590952,
	-0.287228,3.160326,8.590952,
	-0.738282,3.160326,8.590952,
	-1.189336,3.160326,8.590952,
	2.936484,3.160326,8.590952,
	2.48543,3.160326,8.590952,
	2.034375,3.160326,8.590952,
	1.583321,3.160326,8.590952,
	1.132267,3.160326,8.590952,
	0.681212,3.160326,8.590952,
	0.230158,3.160326,8.590952,
	-0.220896,3.160326,8.590952,
	-0.67195,3.160326,8.590952,
	-1.123005,3.160326,8.590952,
	2.936484,5.184945,8.750624,
	2.48543,5.184945,8.750624,
	2.034375,5.184945,8.750624,
	1.583321,5.184945,8.750624,
	1.132267,5.184945,8.750624,
	0.681212,5.184945,8.750624,
	0.230158,5.184945,8.750624,
	-0.220896,5.184945,8.750624,
	-0.67195,5.184945,8.750625,
	-1.123005,5.184945,8.750625,
	2.870153,5.184945,8.750624,
	2.419098,5.184945,8.750624,
	1.968044,5.184945,8.750624,
	1.51699,5.184945,8.750624,
	1.065935,5.184945,8.750624,
	0.614881,5.184945,8.750624,
	0.163827,5.184945,8.750624,
	-0.287228,5.184945,8.750624,
	-0.738282,5.184945,8.750624,
	-1.189336,5.184945,8.750624,
	2.870153,5.184945,8.590952,
	2.419098,5.184945,8.590952,
	1.968044,5.184945,8.590952,
	1.51699,5.184945,8.590952,
	1.065935,5.184945,8.590952,
	0.614881,5.184945,8.590952,
	0.163827,5.184945,8.590952,
	-0.287228,5.184945,8.590952,
	-0.738282,5.184945,8.590952,
	-1.189336,5.184945,8.590952,
	2.936484,5.184945,8.590952,
	2.48543,5.184945,8.590952,
	2.034375,5.184945,8.590952,
	1.583321,5.184945,8.590952,
	1.132267,5.184945,8.590952,
	0.681212,5.184945,8.590952,
	0.230158,5.184945,8.590952,
	-0.220896,5.184945,8.590952,
	-0.67195,5.184945,8.590952,
	-1.123005,5.184945,8.590952],
  "indices" : [0,10,20,0,20,30,1,11,21,1,21,31,2,12,22,2,22,32,3,13,23,3,23,33,4,14,24,4,24,34,5,15,25,5,25,35,6,16,26,6,26,36,7,17,27,7,27,37,8,18,28,8,28,38,9,19,29,9,29,39,40,70,60,40,60,50,41,71,61,41,61,51,42,72,62,42,62,52,43,73,63,43,63,53,44,74,64,44,64,54,45,75,65,45,65,55,46,76,66,46,66,56,47,77,67,47,67,57,48,78,68,48,68,58,49,79,69,49,69,59,0,40,50,0,50,10,1,41,51,1,51,11,2,42,52,2,52,12,3,43,53,3,53,13,4,44,54,4,54,14,5,45,55,5,55,15,6,46,56,6,56,16,7,47,57,7,57,17,8,48,58,8,58,18,9,49,59,9,59,19,10,50,60,10,60,20,11,51,61,11,61,21,12,52,62,12,62,22,13,53,63,13,63,23,14,54,64,14,64,24,15,55,65,15,65,25,16,56,66,16,66,26,17,57,67,17,67,27,18,58,68,18,68,28,19,59,69,19,69,29,20,60,70,20,70,30,21,61,71,21,71,31,22,62,72,22,72,32,23,63,73,23,73,33,24,64,74,24,74,34,25,65,75,25,75,35,26,66,76,26,76,36,27,67,77,27,77,37,28,68,78,28,78,38,29,69,79,29,79,39,40,0,30,40,30,70,41,1,31,41,31,71,42,2,32,42,32,72,43,3,33,43,33,73,44,4,34,44,34,74,45,5,35,45,35,75,46,6,36,46,36,76,47,7,37,47,37,77,48,8,38,48,38,78,49,9,39,49,39,79],
  "Ni" : 1.00000,
  "ambient" : [0.00000,0.00000,0.00000],
  "d" : 1.00000,
  "color" : [0.80000,0.80000,0.80000],
  "illum" : 2,
  "specular" : [0.50000,0.50000,0.50000],
  "shininess" : -0.00002
}