{
  "alias" : "Mesh.147_Mesh.152_Material.009_50_pounds.jpg",
  "vertices" : [
	-7.856814,5.948084,-2.508351,
	-7.856814,5.948084,-2.508351,
	-7.544262,5.948084,-2.508351,
	-7.544262,5.948084,-2.508351,
	-7.544262,5.948084,-1.809405,
	-7.544262,5.948084,-1.809405,
	-7.856814,5.948084,-1.809405,
	-7.856814,5.948084,-1.809405],
  "indices" : [0,6,4,0,4,2,1,7,5,1,5,3],
  "texcoords" : [
	0.990392,1.03008,
	0.990392,1.03008,
	0.990392,-0.001688,
	0.990392,-0.001688,
	0.004128,-0.001688,
	0.004128,-0.001688,
	0.004128,1.03008,
	0.004128,1.03008],
  "Ni" : 1.00000,
  "ambient" : [0.00000,0.00000,0.00000],
  "d" : 1.00000,
  "color" : [0.64000,0.64000,0.64000],
  "illum" : 2,
  "texture" : "New",
  "specular" : [0.50000,0.50000,0.50000],
  "shininess" : 96.07843
}