{
  "alias" : "Cube.077_Cube.082_wall_bedroom",
  "vertices" : [
	-11.359405,3.321308,-3.609625,
	-11.359402,11.634638,-3.60963,
	-11.602275,11.634638,8.521654,
	-11.602275,3.479931,8.521654,
	-11.359403,9.429578,-3.609628,
	-11.602275,9.471651,8.521654,
	-11.371778,11.634638,-2.991445,
	-11.37178,3.329391,-2.99144,
	-11.371778,9.431722,-2.991443,
	-11.585152,11.634638,7.666331,
	-11.585152,3.468747,7.666331,
	-11.585152,9.468685,7.666331,
	-11.442904,11.634638,1.678005,
	-11.514027,11.634638,1.936403,
	-11.442904,9.444043,1.678005,
	-11.514028,9.456364,1.936403,
	-11.359404,6.564534,-3.609627,
	-11.359404,6.27112,-3.609626,
	-11.602275,6.576196,8.521654,
	-11.602275,6.28838,8.521654,
	-11.371779,6.565128,-2.991442,
	-11.37178,6.271999,-2.991441,
	-11.585152,6.575374,7.666331,
	-11.585152,6.287163,7.666331,
	-11.359405,3.776794,-3.609625,
	-11.602275,3.913589,8.521654,
	-11.37178,3.783765,-2.99144,
	-11.585152,3.903944,7.666331,
	-11.359403,9.068338,-3.609628,
	-11.602275,9.106578,8.521654,
	-11.371778,9.070288,-2.991443,
	-11.585152,9.103882,7.666331],
  "indices" : [1,6,8,1,8,4,9,2,5,9,5,11,6,12,14,6,14,8,12,13,15,12,15,14,13,9,11,13,11,15,20,21,17,20,17,16,18,19,23,18,23,22,0,24,26,0,26,7,24,17,21,24,21,26,19,25,27,19,27,23,25,3,10,25,10,27,8,30,28,8,28,4,30,20,16,30,16,28,5,29,31,5,31,11,29,18,22,29,22,31],
  "Ni" : 1.00000,
  "ambient" : [0.00000,0.00000,0.00000],
  "d" : 1.00000,
  "color" : [0.65823,0.56670,0.41680],
  "illum" : 2,
  "specular" : [0.50000,0.50000,0.50000],
  "shininess" : 96.07843
}