{
  "alias" : "Cube.046_Cube.054_WOOD",
  "vertices" : [
	4.380789,1.864908,-3.628001,
	4.380789,1.864908,-1.728934,
	3.615162,1.864908,-1.728934,
	3.615162,1.864908,-3.628002,
	4.38079,1.669624,-3.628001,
	4.380789,1.669624,-1.728934,
	3.615162,1.669624,-1.728935,
	3.615162,1.669624,-3.628001],
  "indices" : [0,1,2,0,2,3,4,7,6,4,6,5,0,4,5,0,5,1,1,5,6,1,6,2,2,6,7,2,7,3,4,0,3,4,3,7],
  "Ni" : 1.00000,
  "ambient" : [0.00000,0.00000,0.00000],
  "d" : 1.00000,
  "color" : [0.57843,0.31405,0.15205],
  "illum" : 2,
  "specular" : [0.50000,0.50000,0.50000],
  "shininess" : 96.07843
}