{
  "alias" : "Cube.012_Cube.018_STEEL_T",
  "vertices" : [
	3.046615,-1.912964,1.424788,
	3.046615,-1.912964,4.089687,
	-1.577093,-1.912964,4.089687,
	-1.577092,-1.912964,1.424787,
	3.046617,-1.787162,1.424788,
	3.046614,-1.787162,4.089688,
	-1.577093,-1.787162,4.089687,
	-1.577092,-1.787162,1.424788,
	2.865959,-1.912964,4.089687,
	2.865959,-1.912964,1.424788,
	2.983996,-1.787162,4.089688,
	2.983999,-1.787162,1.424788,
	-1.439309,-1.912964,4.089687,
	-1.439308,-1.912964,1.424787,
	-1.513745,-1.787162,4.089687,
	-1.513744,-1.787162,1.424788,
	3.046615,-1.912964,1.639213,
	3.046615,-1.912964,3.875262,
	-1.577092,-1.912964,3.875261,
	-1.577092,-1.912964,1.639211,
	3.046616,-1.787162,1.639214,
	3.046615,-1.787162,3.875264,
	-1.577093,-1.787162,3.875261,
	-1.577093,-1.787162,1.639212,
	2.865959,-1.912964,3.875262,
	2.865959,-1.912964,1.639212,
	2.983998,-1.787162,3.875264,
	2.983998,-1.787162,1.639214,
	-1.439309,-1.912964,3.875261,
	-1.439309,-1.912964,1.639211,
	-1.513744,-1.787162,3.875261,
	-1.513744,-1.787162,1.639212,
	-1.577092,-2.703833,1.639211,
	-1.439309,-2.703833,1.639211,
	-1.577092,-2.703833,3.875261,
	-1.439309,-2.703833,3.875261,
	3.046615,-2.703833,3.875262,
	2.865959,-2.703833,3.875262,
	3.046615,-2.703833,1.639213,
	2.865959,-2.703833,1.639212,
	-1.439308,-2.703833,1.424787,
	-1.439309,-2.703833,4.089687,
	2.865959,-2.703833,1.424788,
	2.865959,-2.703833,4.089687,
	-1.577092,-2.703833,1.424787,
	-1.577093,-2.703833,4.089687,
	3.046615,-2.703833,4.089687,
	3.046615,-2.703833,1.424788],
  "indices" : [5,10,8,5,8,1,0,9,11,0,11,4,10,14,12,10,12,8,14,6,2,14,2,12,9,13,15,9,15,11,13,3,7,13,7,15,16,0,4,16,4,20,20,21,17,20,17,16,21,5,1,21,1,17,6,22,18,6,18,2,22,23,19,22,19,18,23,7,3,23,3,19,16,17,24,16,24,25,12,28,24,12,24,8,28,29,25,28,25,24,29,13,9,29,9,25,18,19,29,18,29,28,15,31,27,15,27,11,31,30,26,31,26,27,30,14,10,30,10,26,29,19,32,29,32,33,18,28,35,18,35,34,24,17,36,24,36,37,16,25,39,16,39,38,13,29,33,13,33,40,28,12,41,28,41,35,25,9,42,25,42,39,8,24,37,8,37,43,19,3,44,19,44,32,2,18,34,2,34,45,17,1,46,17,46,36,0,16,38,0,38,47,3,13,40,3,40,44,12,2,45,12,45,41,9,0,47,9,47,42,1,8,43,1,43,46,32,44,40,32,40,33,45,34,35,45,35,41,36,46,43,36,43,37,47,38,39,47,39,42],
  "Ni" : 1.00000,
  "ambient" : [0.00000,0.00000,0.00000],
  "d" : 1.00000,
  "color" : [0.80000,0.72657,0.62875],
  "illum" : 2,
  "specular" : [0.50000,0.50000,0.50000],
  "shininess" : 96.07843
}