{
  "alias" : "Cube.076_Cube.081_WHITE",
  "vertices" : [
	-11.37178,3.329391,-2.99144,
	-11.371778,9.431722,-2.991443,
	-11.585152,3.468747,7.666331,
	-11.585152,9.468685,7.666331,
	-11.442904,3.375843,1.678005,
	-11.514029,3.422296,1.936403,
	-11.442904,9.444043,1.678005,
	-11.514028,9.456364,1.936403,
	-11.371779,6.565128,-2.991442,
	-11.37178,6.271999,-2.991441,
	-11.442904,6.568543,1.678005,
	-11.442904,6.277054,1.678005,
	-11.514028,6.571959,1.936403,
	-11.514029,6.282108,1.936403,
	-11.37178,3.783765,-2.99144,
	-11.585152,3.903944,7.666331,
	-11.442904,3.823824,1.678005,
	-11.514029,3.863884,1.936403,
	-11.371778,9.070288,-2.991443,
	-11.585152,9.103882,7.666331,
	-11.442904,9.081486,1.678005,
	-11.514028,9.092684,1.936403,
	-11.75347,9.103882,7.666331,
	-11.682346,9.092684,1.936403,
	-11.540098,9.070288,-2.991443,
	-11.611221,9.081486,1.678005,
	-11.682346,6.571959,1.936403,
	-11.611223,6.568543,1.678005,
	-11.75347,9.468685,7.666331,
	-11.540098,9.431722,-2.991443,
	-11.75347,3.903944,7.666331,
	-11.682348,3.863884,1.936403,
	-11.5401,3.783765,-2.99144,
	-11.611223,3.823824,1.678005,
	-11.682348,6.282108,1.936403,
	-11.611223,6.277054,1.678005,
	-11.75347,3.468747,7.666331,
	-11.5401,3.329391,-2.99144,
	-11.540099,6.271999,-2.991441,
	-11.540098,6.565128,-2.991442,
	-11.682346,9.456364,1.936403,
	-11.611221,9.444043,1.678005,
	-11.682348,3.422296,1.936403,
	-11.611223,3.375843,1.678005],
  "indices" : [6,20,18,6,18,1,7,21,20,7,20,6,21,19,22,21,22,23,18,20,25,18,25,24,12,21,23,12,23,26,20,10,27,20,27,25,19,3,28,19,28,22,1,18,24,1,24,29,15,17,31,15,31,30,16,14,32,16,32,33,17,13,34,17,34,31,11,16,33,11,33,35,2,15,30,2,30,36,14,0,37,14,37,32,9,11,35,9,35,38,10,8,39,10,39,27,8,9,38,8,38,39,3,7,40,3,40,28,7,6,41,7,41,40,6,1,29,6,29,41,5,2,36,5,36,42,4,5,42,4,42,43,0,4,43,0,43,37,40,23,22,40,22,28,25,27,26,25,26,23,41,25,23,41,23,40,29,24,25,29,25,41,31,42,36,31,36,30,33,43,42,33,42,31,35,33,31,35,31,34,32,37,43,32,43,33,27,35,34,27,34,26,39,38,35,39,35,27,12,26,34,12,34,13],
  "Ni" : 1.00000,
  "ambient" : [0.00000,0.00000,0.00000],
  "d" : 1.00000,
  "color" : [0.80000,0.80000,0.80000],
  "illum" : 2,
  "specular" : [0.50000,0.50000,0.50000],
  "shininess" : -0.00002
}