{
  "alias" : "Cube.040_Cube.048_WOOD",
  "vertices" : [
	5.923543,0.612886,-3.640971,
	5.923543,0.612886,-1.741904,
	5.157916,0.612886,-1.741904,
	5.157916,0.612886,-3.640971,
	5.923543,0.417603,-3.64097,
	5.923543,0.417603,-1.741903,
	5.157916,0.417603,-1.741904,
	5.157916,0.417603,-3.640971],
  "indices" : [0,1,2,0,2,3,4,7,6,4,6,5,0,4,5,0,5,1,1,5,6,1,6,2,2,6,7,2,7,3,4,0,3,4,3,7],
  "Ni" : 1.00000,
  "ambient" : [0.00000,0.00000,0.00000],
  "d" : 1.00000,
  "color" : [0.57843,0.31405,0.15205],
  "illum" : 2,
  "specular" : [0.50000,0.50000,0.50000],
  "shininess" : 96.07843
}