{
  "alias" : "Cube.018_Cube.024_",
  "vertices" : [
	-0.327091,-1.604401,2.645286,
	-0.327091,-1.604401,2.701782,
	-0.383377,-1.599525,2.701782,
	-0.383377,-1.599525,2.645286,
	-0.241384,-0.614918,2.645286,
	-0.241384,-0.614918,2.701782,
	-0.29767,-0.610043,2.701782,
	-0.29767,-0.610043,2.645286],
  "indices" : [0,1,2,0,2,3,4,7,6,4,6,5,0,4,5,0,5,1,1,5,6,1,6,2,2,6,7,2,7,3,4,0,3,4,3,7],
  "ambient" : [0.00000,0.00000,0.00000],
  "d" : 1.00000,
  "color" : [0.80000,0.80000,0.80000],
  "illum" : 2,
  "specular" : [0.80000,0.80000,0.80000],
  "shininess" : 0.00000
}