{
  "alias" : "Cube.017_Cube.023_",
  "vertices" : [
	-0.100734,-1.561248,2.576703,
	-0.100734,-1.561248,2.633199,
	-0.154835,-1.577527,2.633199,
	-0.154835,-1.577527,2.576703,
	-0.386912,-0.610184,2.576703,
	-0.386912,-0.610184,2.633199,
	-0.441013,-0.626463,2.633199,
	-0.441013,-0.626463,2.576703],
  "indices" : [0,1,2,0,2,3,4,7,6,4,6,5,0,4,5,0,5,1,1,5,6,1,6,2,2,6,7,2,7,3,4,0,3,4,3,7],
  "ambient" : [0.00000,0.00000,0.00000],
  "d" : 1.00000,
  "color" : [0.80000,0.80000,0.80000],
  "illum" : 2,
  "specular" : [0.80000,0.80000,0.80000],
  "shininess" : 0.00000
}