{
  "alias" : "Mesh.02_Mesh.035_WHITE",
  "vertices" : [
	3.066741,5.08268,8.778516,
	3.057525,5.243149,8.779594,
	2.819241,5.259594,8.779457,
	2.828457,5.099125,8.778378,
	3.052263,5.047005,-1.876515,
	3.043046,5.207474,-1.875436,
	2.804762,5.223919,-1.875573,
	2.813978,5.06345,-1.876652],
  "indices" : [0,1,2,0,2,3,4,7,6,4,6,5,0,4,5,0,5,1,1,5,6,1,6,2,2,6,7,2,7,3,4,0,3,4,3,7],
  "Ni" : 1.00000,
  "ambient" : [0.00000,0.00000,0.00000],
  "d" : 1.00000,
  "color" : [0.80000,0.80000,0.80000],
  "illum" : 2,
  "specular" : [0.50000,0.50000,0.50000],
  "shininess" : -0.00002
}