{
  "alias" : "Cube.033_Cube.041_WOOD",
  "vertices" : [
	9.784155,-1.573856,-3.728059,
	9.784155,-1.573856,0.158499,
	7.435867,-1.573856,0.158499,
	7.435868,-1.573856,-3.72806,
	9.784155,-1.800063,-3.728059,
	9.784154,-1.800063,0.1585,
	7.435867,-1.800063,0.158499,
	7.435867,-1.800063,-3.728059],
  "indices" : [0,1,2,0,2,3,4,7,6,4,6,5,0,4,5,0,5,1,1,5,6,1,6,2,2,6,7,2,7,3,4,0,3,4,3,7],
  "Ni" : 1.00000,
  "ambient" : [0.00000,0.00000,0.00000],
  "d" : 1.00000,
  "color" : [0.57843,0.31405,0.15205],
  "illum" : 2,
  "specular" : [0.50000,0.50000,0.50000],
  "shininess" : 96.07843
}