{
  "alias" : "Mesh.008_Mesh.008_STEEL",
  "vertices" : [
	6.285284,-2.832484,0.25408,
	6.29674,-2.845022,0.230704,
	6.302763,-2.851613,0.203223,
	6.302763,-2.851613,0.174329,
	6.29674,-2.845022,0.146849,
	6.285284,-2.832484,0.123473,
	6.269516,-2.815227,0.106489,
	6.250979,-2.79494,0.09756,
	6.231488,-2.773609,0.09756,
	6.212952,-2.753322,0.106489,
	6.197184,-2.736065,0.123473,
	6.185728,-2.723527,0.146849,
	6.179705,-2.716935,0.174329,
	6.179705,-2.716935,0.203223,
	6.185728,-2.723527,0.230704,
	6.197184,-2.736065,0.25408,
	6.212952,-2.753322,0.271063,
	6.231489,-2.773609,0.279992,
	6.250979,-2.79494,0.279992,
	6.269516,-2.815227,0.271063,
	7.587754,-1.642387,0.254076,
	7.599211,-1.654925,0.2307,
	7.605234,-1.661517,0.20322,
	7.605233,-1.661517,0.174326,
	7.599211,-1.654925,0.146846,
	7.587754,-1.642387,0.12347,
	7.571986,-1.62513,0.106486,
	7.55345,-1.604843,0.097557,
	7.533959,-1.583512,0.097557,
	7.515423,-1.563225,0.106486,
	7.499655,-1.545968,0.12347,
	7.488199,-1.53343,0.146846,
	7.482176,-1.526839,0.174326,
	7.482176,-1.526839,0.203221,
	7.488199,-1.53343,0.230701,
	7.499655,-1.545968,0.254077,
	7.515423,-1.563226,0.27106,
	7.53396,-1.583512,0.279989,
	7.55345,-1.604843,0.279989,
	7.571987,-1.62513,0.27106,
	6.241234,-2.784274,0.188776,
	7.543705,-1.594178,0.188773,
	6.33792,-2.807395,0.230704,
	6.326464,-2.794857,0.25408,
	6.343943,-2.813986,0.203223,
	6.343943,-2.813986,0.174329,
	6.33792,-2.807395,0.146849,
	6.326464,-2.794857,0.123473,
	6.310696,-2.7776,0.106489,
	6.292159,-2.757313,0.09756,
	6.272669,-2.735982,0.09756,
	6.254132,-2.715695,0.106489,
	6.238364,-2.698438,0.123473,
	6.226908,-2.6859,0.146849,
	6.220885,-2.679308,0.174329,
	6.220885,-2.679308,0.203223,
	6.226908,-2.6859,0.230704,
	6.238364,-2.698438,0.25408,
	6.254132,-2.715695,0.271063,
	6.272669,-2.735982,0.279992,
	6.292159,-2.757313,0.279992,
	6.310696,-2.7776,0.271063],
  "indices" : [40,0,1,41,21,20,40,1,2,41,22,21,40,2,3,41,23,22,40,3,4,41,24,23,40,4,5,41,25,24,40,5,6,41,26,25,40,6,7,41,27,26,40,7,8,41,28,27,40,8,9,41,29,28,40,9,10,41,30,29,40,10,11,41,31,30,40,11,12,41,32,31,40,12,13,41,33,32,40,13,14,41,34,33,40,14,15,41,35,34,40,15,16,41,36,35,40,16,17,41,37,36,40,17,18,41,38,37,40,18,19,41,39,38,19,0,40,41,20,39,0,43,42,0,42,1,43,20,21,43,21,42,1,42,44,1,44,2,42,21,22,42,22,44,2,44,45,2,45,3,44,22,23,44,23,45,3,45,46,3,46,4,45,23,24,45,24,46,4,46,47,4,47,5,46,24,25,46,25,47,5,47,48,5,48,6,47,25,26,47,26,48,6,48,49,6,49,7,48,26,27,48,27,49,7,49,50,7,50,8,49,27,28,49,28,50,8,50,51,8,51,9,50,28,29,50,29,51,9,51,52,9,52,10,51,29,30,51,30,52,10,52,53,10,53,11,52,30,31,52,31,53,11,53,54,11,54,12,53,31,32,53,32,54,12,54,55,12,55,13,54,32,33,54,33,55,13,55,56,13,56,14,55,33,34,55,34,56,14,56,57,14,57,15,56,34,35,56,35,57,15,57,58,15,58,16,57,35,36,57,36,58,16,58,59,16,59,17,58,36,37,58,37,59,17,59,60,17,60,18,59,37,38,59,38,60,18,60,61,18,61,19,60,38,39,60,39,61,20,43,61,20,61,39,43,0,19,43,19,61],
  "Ni" : 1.00000,
  "ambient" : [0.00000,0.00000,0.00000],
  "d" : 1.00000,
  "color" : [0.56844,0.56844,0.56844],
  "illum" : 2,
  "specular" : [0.50000,0.50000,0.50000],
  "shininess" : 96.07843
}