{
  "alias" : "Mesh.156_Mesh.161_WOOD",
  "vertices" : [
	-8.192131,3.624619,5.302923,
	-8.197205,4.175878,5.296481,
	-6.140902,3.624619,5.302923,
	-6.135827,4.175878,5.296482,
	-8.192131,3.624619,7.772989,
	-6.140902,3.624619,7.772989,
	-8.197205,4.175878,7.779429,
	-6.135827,4.175878,7.779431,
	-8.146962,3.634638,5.360253,
	-8.141887,4.175878,5.366693,
	-6.186071,3.634638,5.360253,
	-6.191145,4.175878,5.366695,
	-8.146961,3.634638,7.715658,
	-6.186071,3.634638,7.715658,
	-8.141886,4.175878,7.709217,
	-6.191145,4.175878,7.709218],
  "indices" : [0,1,3,0,3,2,0,2,5,0,5,4,2,3,7,2,7,5,1,0,4,1,4,6,5,7,6,5,6,4,11,9,8,11,8,10,13,10,8,13,8,12,15,11,10,15,10,13,12,8,9,12,9,14,14,15,13,14,13,12,6,7,15,6,15,14,3,1,9,3,9,11,1,6,14,1,14,9,7,3,11,7,11,15],
  "Ni" : 1.00000,
  "ambient" : [0.00000,0.00000,0.00000],
  "d" : 1.00000,
  "color" : [0.57843,0.31405,0.15205],
  "illum" : 2,
  "specular" : [0.50000,0.50000,0.50000],
  "shininess" : 96.07843
}