{
  "alias" : "Cube.031_Cube.037_",
  "vertices" : [
	-0.559831,1.140165,-3.557657,
	-1.411279,1.113646,-3.558837,
	-0.970402,1.503419,-3.615518,
	-0.491132,1.108717,-3.553084,
	-0.967957,1.561387,-3.618912,
	-1.479978,1.082197,-3.554264,
	-0.729545,1.335052,-3.585998,
	-1.223967,1.308532,-3.587178,
	-0.610338,1.221884,-3.569541,
	-0.848751,1.44822,-3.602455,
	-1.095962,1.4217,-3.603635,
	-1.351972,1.195365,-3.570721,
	-0.559831,1.113646,-3.558837,
	-1.411279,1.140165,-3.557657,
	-0.970402,1.529939,-3.614339,
	-0.491132,1.082197,-3.554264,
	-0.967957,1.534867,-3.620092,
	-1.479978,1.108717,-3.553084,
	-0.729545,1.308532,-3.587178,
	-1.223967,1.335052,-3.585998,
	-0.610338,1.195365,-3.570721,
	-0.848751,1.4217,-3.603635,
	-1.095962,1.44822,-3.602455,
	-1.351972,1.221884,-3.569541],
  "indices" : [2,0,6,7,2,1,8,0,3,6,0,8,6,9,2,9,4,2,5,11,1,11,7,1,7,10,2,10,4,2,18,12,14,13,14,19,15,12,20,20,12,18,14,21,18,14,16,21,13,23,17,13,19,23,14,22,19,14,16,22,5,1,13,5,13,17,7,11,23,7,23,19,9,6,18,9,18,21,1,2,14,1,14,13,3,0,12,3,12,15,10,7,19,10,19,22,6,8,20,6,20,18,0,2,14,0,14,12,4,10,22,4,22,16,8,3,15,8,15,20,11,5,17,11,17,23,4,9,21,4,21,16],
  "ambient" : [0.00000,0.00000,0.00000],
  "d" : 1.00000,
  "color" : [0.80000,0.80000,0.80000],
  "illum" : 2,
  "specular" : [0.80000,0.80000,0.80000],
  "shininess" : 0.00000
}