{
  "alias" : "Cube.006_Cube.012_SOFA",
  "vertices" : [
	3.037089,-1.581459,-0.591195,
	0.864002,-1.581459,-0.591195,
	0.864002,-1.581459,-0.948264,
	3.037089,-1.581459,-0.948264,
	3.037088,-0.880223,-0.591195,
	0.864002,-0.880223,-0.591195,
	0.864002,-0.880223,-0.948264,
	3.037089,-0.880223,-0.948264],
  "indices" : [0,1,2,0,2,3,4,7,6,4,6,5,0,4,5,0,5,1,1,5,6,1,6,2,2,6,7,2,7,3,4,0,3,4,3,7],
  "Ni" : 1.00000,
  "ambient" : [0.00000,0.00000,0.00000],
  "d" : 1.00000,
  "color" : [0.33900,0.43546,0.47406],
  "illum" : 1,
  "specular" : [0.00000,0.00000,0.00000],
  "shininess" : 96.07843
}