{
  "alias" : "Cube.024_Cube.008_fridge",
  "vertices" : [
	-4.866612,-2.54764,13.909048,
	-4.866613,-2.54764,8.754271,
	-1.446583,-2.54764,8.754271,
	-1.446583,-2.54764,13.909049,
	-4.866613,5.884442,13.909047,
	-4.866612,5.884442,8.75427,
	-1.446582,5.884442,8.754272,
	-1.446582,5.884442,13.909048,
	-4.866613,-2.547641,11.474425,
	-4.866613,-2.547641,11.188893,
	-1.446582,-2.547641,11.188892,
	-1.446583,-2.547641,11.474425,
	-4.866613,5.884443,11.474425,
	-4.866612,5.884443,11.188893,
	-1.446581,5.884443,11.188892,
	-1.446582,5.884443,11.474425,
	-4.866612,1.721114,8.754271,
	-4.866612,2.442539,8.75427,
	-4.866612,1.721114,13.909048,
	-4.866613,2.442539,13.909048,
	-1.446582,1.721114,8.754271,
	-1.446582,2.442539,8.754271,
	-1.446582,1.189421,13.909048,
	-1.446582,2.974233,13.909048,
	-4.866613,1.721114,11.474425,
	-4.866613,2.44254,11.474425,
	-4.866613,1.721114,11.188893,
	-4.866613,2.44254,11.188893,
	-1.446582,1.721114,11.188892,
	-1.446581,2.44254,11.188892,
	-1.446582,1.189421,11.474424,
	-1.446582,2.974233,11.474424,
	-2.055402,5.884443,11.474425,
	-2.055402,2.44254,11.474425,
	-2.055402,1.721114,11.474425,
	-2.055402,-2.547641,11.474425,
	-2.055402,5.884443,11.188893,
	-2.055402,2.44254,11.188893,
	-2.055402,1.721114,11.188893,
	-2.055402,-2.547641,11.188893,
	-1.682022,1.320395,13.730389,
	-1.682022,1.320395,11.653085,
	-1.682022,2.843258,13.730389,
	-1.682022,2.843259,11.653085,
	-2.080914,2.843258,13.730389,
	-2.080915,1.320395,13.730389,
	-2.080914,1.320395,11.653085,
	-2.080914,2.843259,11.653085,
	-4.866612,-2.54764,12.550341,
	-1.446583,-2.54764,12.550341,
	-4.866613,5.884443,12.550341,
	-1.446582,5.884443,12.550341,
	-4.866613,2.44254,12.550341,
	-4.866613,1.721114,12.550341,
	-1.446582,2.974233,12.550341,
	-1.446582,1.189421,12.550341,
	-1.682022,1.320395,12.571093,
	-1.682022,2.843258,12.571093,
	-2.080914,2.843258,12.571093,
	-2.080914,1.320395,12.571093,
	-1.705673,2.41937,12.516662,
	-2.057263,2.41937,12.516662,
	-2.057263,2.41937,11.707516,
	-1.705673,2.41937,11.707516],
  "indices" : [8,9,10,8,10,11,9,1,2,9,2,10,15,14,13,15,13,12,14,6,5,14,5,13,1,16,20,1,20,2,16,17,21,16,21,20,17,5,6,17,6,21,4,19,23,4,23,7,19,18,22,19,22,23,18,0,3,18,3,22,13,27,25,13,25,12,27,26,24,27,24,25,26,9,8,26,8,24,5,17,27,5,27,13,17,16,26,17,26,27,16,1,9,16,9,26,14,29,21,14,21,6,29,28,20,29,20,21,28,10,2,28,2,20,15,31,33,15,33,32,31,30,34,31,34,33,30,11,35,30,35,34,29,14,36,29,36,37,28,29,37,28,37,38,10,28,38,10,38,39,14,15,32,14,32,36,11,10,39,11,39,35,34,35,39,34,39,38,33,34,38,33,38,37,32,33,37,32,37,36,30,31,43,30,43,41,23,22,40,23,40,42,42,40,45,42,45,44,41,43,47,41,47,46,0,48,49,0,49,3,48,8,11,48,11,49,7,51,50,7,50,4,51,15,12,51,12,50,25,52,50,25,50,12,52,19,4,52,4,50,24,53,52,24,52,25,53,18,19,53,19,52,48,0,18,48,18,53,53,24,8,53,8,48,23,54,51,23,51,7,54,31,15,54,15,51,3,49,55,3,55,22,49,11,30,49,30,55,22,55,56,22,56,40,55,30,41,55,41,56,31,54,57,31,57,43,54,23,42,54,42,57,57,42,44,57,44,58,40,56,59,40,59,45,56,41,46,56,46,59,45,59,58,45,58,44,59,46,47,59,47,58,56,57,58,56,58,59,40,42,57,40,57,56,57,58,61,57,61,60,58,47,62,58,62,61,43,57,60,43,60,63,47,43,63,47,63,62,63,60,61,63,61,62],
  "Ni" : 1.00000,
  "ambient" : [0.00000,0.00000,0.00000],
  "d" : 1.00000,
  "color" : [0.71702,0.66462,0.54935],
  "illum" : 2,
  "specular" : [0.50000,0.50000,0.50000],
  "shininess" : 96.07843
}