{
  "alias" : "Cube.036_Cube.044_WOOD",
  "vertices" : [
	7.972621,-0.940608,-3.660117,
	7.972621,-0.940608,-1.76105,
	7.206994,-0.940608,-1.76105,
	7.206994,-0.940608,-3.660117,
	7.972621,-1.188548,-3.660116,
	7.972621,-1.188548,-1.761049,
	7.206994,-1.188548,-1.76105,
	7.206994,-1.188548,-3.660117],
  "indices" : [0,1,2,0,2,3,4,7,6,4,6,5,0,4,5,0,5,1,1,5,6,1,6,2,2,6,7,2,7,3,4,0,3,4,3,7],
  "Ni" : 1.00000,
  "ambient" : [0.00000,0.00000,0.00000],
  "d" : 1.00000,
  "color" : [0.57843,0.31405,0.15205],
  "illum" : 2,
  "specular" : [0.50000,0.50000,0.50000],
  "shininess" : 96.07843
}