{
  "alias" : "Mesh.140_Mesh.145_blk",
  "vertices" : [
	-7.059717,6.605199,0.757541,
	-7.548687,6.605198,0.757541,
	-7.548687,6.52997,0.839306,
	-7.059717,6.52997,0.839306,
	-7.059717,6.345553,0.734887,
	-7.548687,6.345552,0.734887,
	-7.548687,6.270324,0.816651,
	-7.059717,6.270325,0.816651,
	-7.015817,6.345553,0.734887,
	-7.015818,6.270325,0.816651,
	-7.015818,6.52997,0.839306,
	-7.015817,6.605199,0.757541,
	-7.570257,6.345552,0.734887,
	-7.570257,6.270324,0.816651,
	-7.570257,6.52997,0.839306,
	-7.570257,6.605198,0.757541,
	-7.570257,6.633763,0.641679,
	-7.570257,6.374117,0.619024,
	-7.548687,6.633763,0.641679,
	-7.548687,6.374117,0.619024,
	-7.059717,6.633763,0.641679,
	-7.015817,6.633763,0.641679,
	-7.015817,6.374118,0.619024,
	-7.059717,6.374118,0.619024],
  "indices" : [0,3,2,0,2,1,4,0,1,4,1,5,6,2,3,6,3,7,4,7,9,4,9,8,7,3,10,7,10,9,3,0,11,3,11,10,9,10,11,9,11,8,6,5,12,6,12,13,2,6,13,2,13,14,1,2,14,1,14,15,12,15,14,12,14,13,15,12,17,15,17,16,1,15,16,1,16,18,12,5,19,12,19,17,11,0,20,11,20,21,8,11,21,8,21,22,4,8,22,4,22,23,5,1,18,5,18,19,0,4,23,0,23,20,19,18,16,19,16,17,20,23,22,20,22,21],
  "Ni" : 1.00000,
  "ambient" : [0.00000,0.00000,0.00000],
  "d" : 1.00000,
  "color" : [0.05344,0.05344,0.05344],
  "illum" : 2,
  "specular" : [0.50000,0.50000,0.50000],
  "shininess" : -0.00002
}