{
  "alias" : "Cube.008_Cube.014_WOOD",
  "vertices" : [
	-2.250302,-2.381368,1.801183,
	-2.250302,-2.381368,4.466082,
	-4.713516,-2.381368,4.466082,
	-4.713515,-2.381368,1.801182,
	-2.250301,-2.255566,1.801183,
	-2.250303,-2.255566,4.466083,
	-4.713516,-2.255566,4.466082,
	-4.713516,-2.255566,1.801183,
	-2.346544,-2.381368,4.466082,
	-2.346544,-2.381368,1.801183,
	-2.283661,-2.255566,4.466083,
	-2.283659,-2.255566,1.801183,
	-4.640114,-2.381368,4.466082,
	-4.640113,-2.381368,1.801182,
	-4.679769,-2.255566,4.466082,
	-4.679768,-2.255566,1.801183,
	-2.250302,-2.381368,2.015608,
	-2.250302,-2.381368,4.251657,
	-4.713516,-2.381368,4.251656,
	-4.713516,-2.381368,2.015606,
	-2.250302,-2.255566,2.015609,
	-2.250302,-2.255566,4.251659,
	-4.713516,-2.255566,4.251656,
	-4.713516,-2.255566,2.015607,
	-2.346544,-2.381368,4.251657,
	-2.346544,-2.381368,2.015607,
	-2.28366,-2.255566,4.251659,
	-2.28366,-2.255566,2.015609,
	-4.640114,-2.381368,4.251656,
	-4.640113,-2.381368,2.015606,
	-4.679768,-2.255566,4.251656,
	-4.679768,-2.255566,2.015607],
  "indices" : [5,10,8,5,8,1,0,9,11,0,11,4,10,14,12,10,12,8,14,6,2,14,2,12,9,13,15,9,15,11,13,3,7,13,7,15,16,0,4,16,4,20,20,21,17,20,17,16,21,5,1,21,1,17,6,22,18,6,18,2,22,23,19,22,19,18,23,7,3,23,3,19,16,17,24,16,24,25,12,28,24,12,24,8,28,29,25,28,25,24,29,13,9,29,9,25,18,19,29,18,29,28,15,31,27,15,27,11,31,30,26,31,26,27,30,14,10,30,10,26],
  "Ni" : 1.00000,
  "ambient" : [0.00000,0.00000,0.00000],
  "d" : 1.00000,
  "color" : [0.57843,0.31405,0.15205],
  "illum" : 2,
  "specular" : [0.50000,0.50000,0.50000],
  "shininess" : 96.07843
}