{
  "alias" : "Cube.077_Cube.082_mirror",
  "vertices" : [
	-11.585152,3.468747,7.666331,
	-11.585152,9.468685,7.666331,
	-11.442904,3.375843,1.678005,
	-11.514029,3.422296,1.936403,
	-11.514028,9.456364,1.936403,
	-11.371779,6.565128,-2.991442,
	-11.37178,6.271999,-2.991441,
	-11.442904,6.568543,1.678005,
	-11.442904,6.277054,1.678005,
	-11.37178,3.783765,-2.99144,
	-11.585152,3.903944,7.666331,
	-11.442904,3.823824,1.678005,
	-11.514029,3.863884,1.936403,
	-11.371778,9.070288,-2.991443,
	-11.585152,9.103882,7.666331,
	-11.442904,9.081486,1.678005,
	-11.514028,9.092684,1.936403],
  "indices" : [8,11,9,8,9,6,12,3,2,12,2,11,10,0,3,10,3,12,15,7,5,15,5,13,1,14,16,1,16,4],
  "Ni" : 1.00000,
  "ambient" : [0.00000,0.00000,0.00000],
  "d" : 1.00000,
  "color" : [0.55444,0.65929,0.80000],
  "illum" : 2,
  "specular" : [0.50000,0.50000,0.50000],
  "shininess" : -0.00002
}