{
  "alias" : "Mesh.135_Mesh.140_",
  "vertices" : [
	-7.006962,5.124586,-0.936771,
	-7.024307,5.124586,-1.007079,
	-6.976921,5.124586,-1.058549,
	-6.912191,5.124586,-1.03971,
	-6.894846,5.124586,-0.969401,
	-6.942232,5.124586,-0.917932,
	-7.006962,5.083729,-0.936771,
	-7.024307,5.083729,-1.007079,
	-6.976921,5.083729,-1.058549,
	-6.912191,5.083729,-1.03971,
	-6.894846,5.083729,-0.969402,
	-6.942232,5.083729,-0.917932,
	-6.959577,5.124586,-0.98824,
	-6.959577,5.083729,-0.98824],
  "indices" : [12,0,1,13,7,6,12,1,2,13,8,7,12,2,3,13,9,8,12,3,4,13,10,9,12,4,5,13,11,10,5,0,12,13,6,11,0,6,7,0,7,1,1,7,8,1,8,2,2,8,9,2,9,3,3,9,10,3,10,4,4,10,11,4,11,5,6,0,5,6,5,11],
  "ambient" : [0.00000,0.00000,0.00000],
  "d" : 1.00000,
  "color" : [0.80000,0.80000,0.80000],
  "illum" : 2,
  "specular" : [0.80000,0.80000,0.80000],
  "shininess" : 0.00000
}