{
  "alias" : "Cube.081_Cube.026_",
  "vertices" : [
	-1.27994,1.96236,11.326848,
	-1.27994,1.96236,11.095113,
	-1.015045,1.96236,11.095113,
	-1.015045,1.96236,11.326848,
	-1.27994,2.194094,11.326848,
	-1.27994,2.194094,11.095113,
	-1.015045,2.194094,11.095113,
	-1.015045,2.194094,11.326848],
  "indices" : [0,1,2,0,2,3,4,7,6,4,6,5,0,4,5,0,5,1,1,5,6,1,6,2,2,6,7,2,7,3,4,0,3,4,3,7],
  "ambient" : [0.00000,0.00000,0.00000],
  "d" : 1.00000,
  "color" : [0.80000,0.80000,0.80000],
  "illum" : 2,
  "specular" : [0.80000,0.80000,0.80000],
  "shininess" : 0.00000
}