{
  "alias" : "Mesh.172_Mesh.177_Material.007",
  "vertices" : [
	-8.065521,6.520526,7.191908,
	-6.065522,6.520526,7.191908,
	-6.065522,6.520526,7.61163,
	-8.065522,6.520526,7.61163,
	-8.065521,8.520526,7.191908,
	-6.065521,8.520526,7.191908,
	-6.065522,8.520526,7.61163,
	-8.065521,8.520526,7.61163],
  "indices" : [0,1,2,0,2,3,4,7,6,4,6,5,0,4,5,0,5,1,1,5,6,1,6,2,2,6,7,2,7,3,4,0,3,4,3,7],
  "Ni" : 1.00000,
  "ambient" : [0.00000,0.00000,0.00000],
  "d" : 1.00000,
  "color" : [0.78580,0.78580,0.60235],
  "illum" : 2,
  "specular" : [0.50000,0.50000,0.50000],
  "shininess" : 96.07843
}