{
  "alias" : "Mesh.127_Mesh.132_blk",
  "vertices" : [
	-7.826909,3.549964,-0.803001,
	-7.467113,3.549964,-0.803001,
	-7.446109,3.549964,-0.428255,
	-7.826909,3.549964,-0.428255,
	-7.826909,3.808754,-0.803001,
	-7.467113,3.871174,-0.803001,
	-7.446109,3.871174,-0.428255,
	-7.826909,3.808754,-0.428255,
	-8.229188,3.746333,-0.428255,
	-8.229188,3.746333,-0.803001,
	-8.229188,3.549964,-0.428255,
	-8.229188,3.549964,-0.803001,
	-8.497375,3.547236,-0.727481,
	-8.497375,3.547236,-0.503775,
	-8.497375,3.699124,-0.727481,
	-8.497375,3.699124,-0.503775,
	-8.502889,3.699124,-0.461631,
	-8.502889,3.547236,-0.461631,
	-8.502889,3.699124,-0.769625,
	-8.502889,3.547236,-0.769625,
	-8.658286,3.723256,-0.763023,
	-8.658287,3.523104,-0.763023,
	-8.658287,3.523104,-0.468233,
	-8.658287,3.723256,-0.468233,
	-7.513219,3.549964,-0.615628,
	-7.826909,3.549964,-0.615628,
	-7.513219,3.871174,-0.615628,
	-7.826909,3.808754,-0.615628,
	-8.229188,3.746333,-0.615628,
	-8.229188,3.549964,-0.615628,
	-8.497375,3.547236,-0.615628,
	-8.497375,3.699124,-0.615628,
	-8.502889,3.699124,-0.615628,
	-8.502889,3.547236,-0.615628,
	-8.658287,3.523104,-0.615628,
	-8.658287,3.723256,-0.615628],
  "indices" : [0,4,5,0,5,1,2,6,7,2,7,3,3,7,8,3,8,10,4,0,11,4,11,9,9,11,12,9,12,14,10,8,15,10,15,13,13,15,16,13,16,17,14,12,19,14,19,18,18,19,21,18,21,20,17,16,23,17,23,22,25,0,1,25,1,24,24,2,3,24,3,25,4,27,26,4,26,5,27,7,6,27,6,26,5,26,24,5,24,1,26,6,2,26,2,24,7,27,28,7,28,8,27,4,9,27,9,28,0,25,29,0,29,11,25,3,10,25,10,29,11,29,30,11,30,12,29,10,13,29,13,30,8,28,31,8,31,15,28,9,14,28,14,31,15,31,32,15,32,16,31,14,18,31,18,32,12,30,33,12,33,19,30,13,17,30,17,33,21,34,35,21,35,20,34,22,23,34,23,35,19,33,34,19,34,21,33,17,22,33,22,34,16,32,35,16,35,23,32,18,20,32,20,35],
  "Ni" : 1.00000,
  "ambient" : [0.00000,0.00000,0.00000],
  "d" : 1.00000,
  "color" : [0.05344,0.05344,0.05344],
  "illum" : 2,
  "specular" : [0.50000,0.50000,0.50000],
  "shininess" : -0.00002
}