{
  "alias" : "Cube.044_Cube.052_",
  "vertices" : [
	2.395838,3.272253,-2.987116,
	2.395838,3.272253,-1.088049,
	1.63021,3.272253,-1.088049,
	1.63021,3.272253,-2.987117,
	2.395838,3.076969,-2.987116,
	2.395837,3.076969,-1.088049,
	1.63021,3.076969,-1.088049,
	1.63021,3.076969,-2.987116],
  "indices" : [0,1,2,0,2,3,4,7,6,4,6,5,0,4,5,0,5,1,1,5,6,1,6,2,2,6,7,2,7,3,4,0,3,4,3,7],
  "ambient" : [0.00000,0.00000,0.00000],
  "d" : 1.00000,
  "color" : [0.80000,0.80000,0.80000],
  "illum" : 2,
  "specular" : [0.80000,0.80000,0.80000],
  "shininess" : 0.00000
}