{
  "alias" : "Cube.014_Cube.020_BOOK",
  "vertices" : [
	2.444351,-1.34128,2.227215,
	2.896359,-1.34128,2.679222,
	2.281882,-1.34128,3.293699,
	1.829875,-1.34128,2.841691,
	2.444352,-1.197924,2.227215,
	2.896359,-1.197924,2.679223,
	2.281882,-1.197924,3.293699,
	1.829875,-1.197924,2.841692],
  "indices" : [0,1,2,0,2,3,4,7,6,4,6,5,0,4,5,0,5,1,1,5,6,1,6,2,2,6,7,2,7,3,4,0,3,4,3,7],
  "Ni" : 1.00000,
  "ambient" : [0.00000,0.00000,0.00000],
  "d" : 1.00000,
  "color" : [0.41820,0.64000,0.36204],
  "illum" : 2,
  "specular" : [0.50000,0.50000,0.50000],
  "shininess" : 96.07843
}