{
  "alias" : "Mesh.179_Mesh.193_",
  "vertices" : [
	-18.141079,-2.283103,-3.834565,
	-18.104305,-2.422853,9.396796,
	-21.420576,-2.18001,9.403635,
	-22.706306,-1.964121,-2.116487,
	-18.152201,-2.283103,-9.228263,
	-21.468472,-2.04026,-9.221426,
	-15.221801,-2.485173,-3.840585,
	-15.232922,-2.485173,-9.234283,
	-21.434294,-1.478051,-9.221496,
	-22.672129,-1.401912,-2.116557,
	-21.3864,-1.617801,9.403564,
	-9.288242,-2.396947,-3.852823,
	-9.299363,-2.396947,-9.246521,
	9.291271,-2.396947,-3.852822,
	9.280149,-2.396947,-9.246521],
  "indices" : [0,3,2,0,2,1,3,0,4,3,4,5,4,0,6,4,6,7,3,5,8,3,8,9,2,3,9,2,9,10,7,6,11,7,11,12,12,11,13,12,13,14],
  "ambient" : [0.00000,0.00000,0.00000],
  "d" : 1.00000,
  "color" : [0.80000,0.80000,0.80000],
  "illum" : 2,
  "specular" : [0.80000,0.80000,0.80000],
  "shininess" : 0.00000
}