{
  "alias" : "Cube.011_Cube.017_WOOD",
  "vertices" : [
	3.017501,-1.782174,1.444531,
	3.017501,-1.782174,4.076383,
	-1.606857,-1.782174,4.076383,
	-1.606856,-1.782174,1.444531,
	3.017502,-1.656466,1.444532,
	3.017499,-1.656466,4.076384,
	-1.606857,-1.656466,4.076383,
	-1.606856,-1.656466,1.444531],
  "indices" : [0,1,2,0,2,3,4,7,6,4,6,5,0,4,5,0,5,1,1,5,6,1,6,2,2,6,7,2,7,3,4,0,3,4,3,7],
  "Ni" : 1.00000,
  "ambient" : [0.00000,0.00000,0.00000],
  "d" : 1.00000,
  "color" : [0.57843,0.31405,0.15205],
  "illum" : 2,
  "specular" : [0.50000,0.50000,0.50000],
  "shininess" : 96.07843
}