{
  "alias" : "Cube.007_Cube.013_SOFA",
  "vertices" : [
	-2.265812,-2.232182,1.820926,
	-2.265812,-2.232182,4.452778,
	-4.729373,-2.232182,4.452778,
	-4.729372,-2.232182,1.820926,
	-2.265811,-1.620499,1.820927,
	-2.265813,-1.620499,4.452779,
	-4.729373,-1.620499,4.452777,
	-4.729372,-1.620499,1.820926],
  "indices" : [0,1,2,0,2,3,4,7,6,4,6,5,0,4,5,0,5,1,1,5,6,1,6,2,2,6,7,2,7,3,4,0,3,4,3,7],
  "Ni" : 1.00000,
  "ambient" : [0.00000,0.00000,0.00000],
  "d" : 1.00000,
  "color" : [0.33900,0.43546,0.47406],
  "illum" : 1,
  "specular" : [0.00000,0.00000,0.00000],
  "shininess" : 96.07843
}