{
  "alias" : "Mesh.158_Mesh.163_007",
  "vertices" : [
	-8.253114,4.328274,5.533628,
	-6.079919,4.328274,5.533628,
	-6.079919,4.328274,8.291938,
	-8.253114,4.328274,8.291937,
	-8.253114,4.586985,5.533627,
	-6.079918,4.586985,5.533628,
	-6.079919,4.586985,8.291938,
	-8.253114,4.586985,8.291938],
  "indices" : [0,1,2,0,2,3,4,7,6,4,6,5,0,4,5,0,5,1,1,5,6,1,6,2,2,6,7,2,7,3,4,0,3,4,3,7],
  "Ni" : 1.00000,
  "ambient" : [0.00000,0.00000,0.00000],
  "d" : 1.00000,
  "color" : [0.32875,0.09652,0.01918],
  "illum" : 2,
  "specular" : [0.50000,0.50000,0.50000],
  "shininess" : 96.07843
}