{
  "alias" : "Cube.009_Cube.015_STEEL_T",
  "vertices" : [
	6.206102,-2.381368,1.801183,
	6.206102,-2.381368,4.466082,
	3.742888,-2.381368,4.466082,
	3.742888,-2.381368,1.801182,
	6.109859,-2.381368,4.466082,
	6.109859,-2.381368,1.801183,
	3.81629,-2.381368,4.466082,
	3.81629,-2.381368,1.801182,
	6.206102,-2.381368,2.015608,
	6.206102,-2.381368,4.251657,
	3.742888,-2.381368,4.251656,
	3.742888,-2.381368,2.015606,
	6.109859,-2.381368,4.251657,
	6.109859,-2.381368,2.015607,
	3.81629,-2.381368,4.251656,
	3.81629,-2.381368,2.015606,
	3.742888,-2.649471,2.015606,
	3.81629,-2.649471,2.015606,
	3.742888,-2.649471,4.251656,
	3.81629,-2.649471,4.251656,
	6.206102,-2.649471,4.251657,
	6.109859,-2.649471,4.251657,
	6.206102,-2.649471,2.015608,
	6.109859,-2.649471,2.015607,
	3.81629,-2.649471,1.801182,
	3.81629,-2.649471,4.466082,
	6.109859,-2.649471,1.801183,
	6.109859,-2.649471,4.466082,
	3.742888,-2.649471,1.801182,
	3.742888,-2.649471,4.466082,
	6.206102,-2.649471,4.466082,
	6.206102,-2.649471,1.801183],
  "indices" : [15,11,16,15,16,17,10,14,19,10,19,18,12,9,20,12,20,21,8,13,23,8,23,22,7,15,17,7,17,24,14,6,25,14,25,19,13,5,26,13,26,23,4,12,21,4,21,27,11,3,28,11,28,16,2,10,18,2,18,29,9,1,30,9,30,20,0,8,22,0,22,31,3,7,24,3,24,28,6,2,29,6,29,25,5,0,31,5,31,26,1,4,27,1,27,30,16,28,24,16,24,17,29,18,19,29,19,25,20,30,27,20,27,21,31,22,23,31,23,26],
  "Ni" : 1.00000,
  "ambient" : [0.00000,0.00000,0.00000],
  "d" : 1.00000,
  "color" : [0.80000,0.72657,0.62875],
  "illum" : 2,
  "specular" : [0.50000,0.50000,0.50000],
  "shininess" : 96.07843
}