{
  "alias" : "Mesh.122_Mesh.127_blk",
  "vertices" : [
	-7.250244,3.426305,-2.059504,
	-7.250244,3.426305,-1.9772,
	-7.326018,3.426305,-1.9772,
	-7.326018,3.426305,-2.059504,
	-7.250244,3.55975,-2.059504,
	-7.250244,3.55975,-1.9772,
	-7.326018,3.55975,-1.9772,
	-7.326018,3.55975,-2.059504],
  "indices" : [0,1,2,0,2,3,4,7,6,4,6,5,0,4,5,0,5,1,1,5,6,1,6,2,2,6,7,2,7,3,4,0,3,4,3,7],
  "Ni" : 1.00000,
  "ambient" : [0.00000,0.00000,0.00000],
  "d" : 1.00000,
  "color" : [0.05344,0.05344,0.05344],
  "illum" : 2,
  "specular" : [0.50000,0.50000,0.50000],
  "shininess" : -0.00002
}