{
  "alias" : "Mesh_Mesh.185_",
  "vertices" : [
	10.555962,-2.624642,-4.463814,
	10.555962,14.438734,-4.463815,
	-5.533636,14.438732,-4.513904,
	-5.533632,-2.624646,-4.513903,
	10.555962,3.339327,-4.463815,
	-5.533633,3.339324,-4.513904,
	-11.410864,14.438732,-4.513904,
	-11.410862,3.339324,-4.513898,
	10.606049,14.438734,8.486847,
	10.606049,3.339327,8.486847,
	10.606049,-2.624641,8.486847,
	10.314138,-2.624642,-4.221992,
	10.314138,14.438734,-4.221993,
	-5.533636,14.438732,-4.171904,
	-5.533632,-2.624646,-4.171903,
	10.314138,3.339327,-4.221992,
	-5.533633,3.339324,-4.171904,
	-11.410864,14.438732,-4.171904,
	-11.410862,3.339324,-4.171909,
	10.26405,14.438734,8.486847,
	10.26405,3.339327,8.486847,
	10.26405,-2.624641,8.486847],
  "indices" : [4,0,3,4,3,5,5,2,1,5,1,4,2,5,7,2,7,6,4,1,8,4,8,9,0,4,9,0,9,10,14,11,15,14,15,16,12,13,16,12,16,15,18,16,13,18,13,17,19,12,15,19,15,20,20,15,11,20,11,21,0,10,21,0,21,11,10,9,20,10,20,21,1,2,13,1,13,12,7,5,16,7,16,18,6,7,18,6,18,17,9,8,19,9,19,20,8,1,12,8,12,19,5,3,14,5,14,16,3,0,11,3,11,14,2,6,17,2,17,13],
  "ambient" : [0.00000,0.00000,0.00000],
  "d" : 1.00000,
  "color" : [0.80000,0.80000,0.80000],
  "illum" : 2,
  "specular" : [0.80000,0.80000,0.80000],
  "shininess" : 0.00000
}