{
  "alias" : "Mesh.018_Mesh.024_WHITE",
  "vertices" : [
	6.544586,-2.34184,-0.137197,
	6.544586,-2.34184,-0.009126,
	6.416515,-2.34184,-0.009126,
	6.416515,-2.34184,-0.137197,
	6.544586,-0.513001,-0.137197,
	6.544586,-0.513001,-0.009126,
	6.416515,-0.513001,-0.009126,
	6.416515,-0.513001,-0.137197],
  "indices" : [0,1,2,0,2,3,4,7,6,4,6,5,0,4,5,0,5,1,1,5,6,1,6,2,2,6,7,2,7,3,4,0,3,4,3,7],
  "Ni" : 1.00000,
  "ambient" : [0.00000,0.00000,0.00000],
  "d" : 1.00000,
  "color" : [0.80000,0.80000,0.80000],
  "illum" : 2,
  "specular" : [0.50000,0.50000,0.50000],
  "shininess" : -0.00002
}