{
  "alias" : "Mesh.020_Mesh.028_WHITE",
  "vertices" : [
	8.480995,0.031354,-1.981557,
	8.475217,0.02414,-1.821088,
	8.312636,-0.150064,-1.804643,
	8.318415,-0.14285,-1.965112,
	2.892137,5.224053,-2.015176,
	2.886359,5.216839,-1.854707,
	2.723779,5.042635,-1.838262,
	2.729556,5.04985,-1.998731],
  "indices" : [0,1,2,0,2,3,4,7,6,4,6,5,0,4,5,0,5,1,1,5,6,1,6,2,2,6,7,2,7,3,4,0,3,4,3,7],
  "Ni" : 1.00000,
  "ambient" : [0.00000,0.00000,0.00000],
  "d" : 1.00000,
  "color" : [0.80000,0.80000,0.80000],
  "illum" : 2,
  "specular" : [0.50000,0.50000,0.50000],
  "shininess" : -0.00002
}