{
  "alias" : "Cube_Cube.005_SOFA",
  "vertices" : [
	0.770668,-2.232182,-1.0,
	0.770668,-2.232182,1.0,
	-1.692892,-2.232182,1.0,
	-1.692891,-2.232182,-1.0,
	0.770669,-1.620499,-0.999999,
	0.770668,-1.620499,1.000001,
	-1.692892,-1.620499,1.0,
	-1.692892,-1.620499,-1.0],
  "indices" : [0,1,2,0,2,3,4,7,6,4,6,5,0,4,5,0,5,1,1,5,6,1,6,2,2,6,7,2,7,3,4,0,3,4,3,7],
  "Ni" : 1.00000,
  "ambient" : [0.00000,0.00000,0.00000],
  "d" : 1.00000,
  "color" : [0.33900,0.43546,0.47406],
  "illum" : 1,
  "specular" : [0.00000,0.00000,0.00000],
  "shininess" : 96.07843
}