{
  "alias" : "Cube.035_Cube.043_WOOD",
  "vertices" : [
	6.995481,-2.252035,-1.791034,
	6.995481,-2.252035,0.108033,
	6.229853,-2.252035,0.108033,
	6.229854,-2.252035,-1.791035,
	6.995481,-2.447318,-1.791034,
	6.995481,-2.447318,0.108033,
	6.229853,-2.447318,0.108032,
	6.229854,-2.447318,-1.791034],
  "indices" : [0,1,2,0,2,3,4,7,6,4,6,5,0,4,5,0,5,1,1,5,6,1,6,2,2,6,7,2,7,3,4,0,3,4,3,7],
  "Ni" : 1.00000,
  "ambient" : [0.00000,0.00000,0.00000],
  "d" : 1.00000,
  "color" : [0.57843,0.31405,0.15205],
  "illum" : 2,
  "specular" : [0.50000,0.50000,0.50000],
  "shininess" : 96.07843
}