{
  "alias" : "Mesh.174_Mesh.179_GLASS",
  "vertices" : [
	-6.077045,8.667861,-3.311311,
	-10.26563,8.667861,-3.311311,
	-6.077044,10.26476,-3.311311,
	-10.265629,10.26476,-3.311311],
  "indices" : [2,0,1,2,1,3],
  "Ni" : 1.00000,
  "ambient" : [0.00000,0.00000,0.00000],
  "d" : 1.00000,
  "color" : [0.64000,0.64000,0.64000],
  "illum" : 2,
  "specular" : [0.50000,0.50000,0.50000],
  "shininess" : 96.07843
}