{
  "alias" : "Cube.078_Cube.083_STL.001",
  "vertices" : [
	-9.452519,4.015975,1.754604,
	-7.427253,4.015975,1.754604,
	-7.427253,4.015975,4.499792,
	-9.452519,4.015975,4.499791,
	-9.452518,4.222565,1.754603,
	-7.427252,4.222565,1.754605,
	-7.427253,4.222565,4.499793,
	-9.452519,4.222565,4.499792,
	-7.427253,4.015975,1.861863,
	-9.452519,4.015975,1.861863,
	-7.427252,4.222565,1.791782,
	-9.452518,4.222565,1.79178,
	-7.427253,4.015975,4.417987,
	-9.452519,4.015975,4.417987,
	-7.427253,4.222565,4.462181,
	-9.452519,4.222565,4.462181,
	-9.289561,4.015975,1.754604,
	-7.590211,4.015975,1.754604,
	-7.590212,4.015975,4.499792,
	-9.289562,4.015975,4.499792,
	-9.289559,4.222565,1.754604,
	-7.59021,4.222565,1.754604,
	-7.590212,4.222565,4.499792,
	-9.289561,4.222565,4.499792,
	-7.590212,4.015975,1.861863,
	-9.289561,4.015975,1.861863,
	-7.59021,4.222565,1.791781,
	-9.289559,4.222565,1.791781,
	-7.590212,4.015975,4.417987,
	-9.289562,4.015975,4.417987,
	-7.590212,4.222565,4.462181,
	-9.289561,4.222565,4.462181,
	-9.289562,3.575704,4.499792,
	-9.289562,3.575704,4.417987,
	-7.590212,3.575704,4.499792,
	-7.590212,3.575704,4.417987,
	-7.590211,3.575704,1.754604,
	-7.590212,3.575704,1.861863,
	-9.289561,3.575704,1.754604,
	-9.289561,3.575704,1.861863,
	-9.452519,3.575704,4.417987,
	-7.427253,3.575704,4.417987,
	-9.452519,3.575704,1.861863,
	-7.427253,3.575704,1.861863,
	-9.452519,3.575704,4.499791,
	-7.427253,3.575704,4.499792,
	-7.427253,3.575704,1.754604,
	-9.452519,3.575704,1.754604],
  "indices" : [5,10,8,5,8,1,0,9,11,0,11,4,10,14,12,10,12,8,14,6,2,14,2,12,9,13,15,9,15,11,13,3,7,13,7,15,16,0,4,16,4,20,20,21,17,20,17,16,21,5,1,21,1,17,6,22,18,6,18,2,22,23,19,22,19,18,23,7,3,23,3,19,16,17,24,16,24,25,12,28,24,12,24,8,28,29,25,28,25,24,29,13,9,29,9,25,18,19,29,18,29,28,15,31,27,15,27,11,31,30,26,31,26,27,30,14,10,30,10,26,29,19,32,29,32,33,18,28,35,18,35,34,24,17,36,24,36,37,16,25,39,16,39,38,13,29,33,13,33,40,28,12,41,28,41,35,25,9,42,25,42,39,8,24,37,8,37,43,19,3,44,19,44,32,2,18,34,2,34,45,17,1,46,17,46,36,0,16,38,0,38,47,3,13,40,3,40,44,12,2,45,12,45,41,9,0,47,9,47,42,1,8,43,1,43,46,32,44,40,32,40,33,45,34,35,45,35,41,36,46,43,36,43,37,47,38,39,47,39,42],
  "Ni" : 1.00000,
  "ambient" : [0.00000,0.00000,0.00000],
  "d" : 1.00000,
  "color" : [0.28707,0.24009,0.14052],
  "illum" : 2,
  "specular" : [0.50000,0.50000,0.50000],
  "shininess" : 96.07843
}