{
  "alias" : "Mesh.186_Mesh.014_WHITE",
  "vertices" : [
	-1.618514,5.08268,8.794044,
	-1.618962,5.243149,8.784827,
	-1.618905,5.259594,8.546543,
	-1.618457,5.099125,8.555759,
	2.998745,5.047005,8.779564,
	2.998297,5.207474,8.770348,
	2.998354,5.223919,8.532063,
	2.998802,5.06345,8.54128],
  "indices" : [0,1,2,0,2,3,4,7,6,4,6,5,0,4,5,0,5,1,1,5,6,1,6,2,2,6,7,2,7,3,4,0,3,4,3,7],
  "Ni" : 1.00000,
  "ambient" : [0.00000,0.00000,0.00000],
  "d" : 1.00000,
  "color" : [0.80000,0.80000,0.80000],
  "illum" : 2,
  "specular" : [0.50000,0.50000,0.50000],
  "shininess" : -0.00002
}