{
  "alias" : "Mesh.133_Mesh.138_",
  "vertices" : [
	-6.997556,5.072022,-0.901083,
	-6.997556,5.072022,-0.330173,
	-7.578706,5.072022,-0.330173,
	-7.578705,5.072022,-0.901084,
	-6.997556,5.09423,-0.901083,
	-6.997556,5.09423,-0.330172,
	-7.578706,5.09423,-0.330173,
	-7.578705,5.09423,-0.901083,
	-6.820116,5.114085,-1.075397,
	-6.820116,5.114085,-0.155858,
	-7.756146,5.114085,-0.155859,
	-7.756145,5.114085,-1.075397],
  "indices" : [0,1,2,0,2,3,4,7,6,4,6,5,0,4,5,0,5,1,1,5,6,1,6,2,2,6,7,2,7,3,4,0,3,4,3,7,4,5,9,4,9,8,5,6,10,5,10,9,6,7,11,6,11,10,7,4,8,7,8,11],
  "ambient" : [0.00000,0.00000,0.00000],
  "d" : 1.00000,
  "color" : [0.80000,0.80000,0.80000],
  "illum" : 2,
  "specular" : [0.80000,0.80000,0.80000],
  "shininess" : 0.00000
}