{
  "alias" : "Mesh.174_Mesh.179_007",
  "vertices" : [
	-10.589556,8.466311,-3.169441,
	-5.753121,8.466311,-3.169441,
	-5.753122,8.466311,-3.418308,
	-10.589558,8.466311,-3.418308,
	-10.589556,10.466311,-3.169441,
	-5.75312,10.466311,-3.169441,
	-5.753122,10.466311,-3.418308,
	-10.589557,10.466311,-3.418308,
	-10.265631,8.466311,-3.169441,
	-6.077047,8.466311,-3.169441,
	-6.077049,8.466311,-3.418308,
	-10.265633,8.466311,-3.418308,
	-10.265627,10.466311,-3.169441,
	-6.077044,10.466311,-3.169441,
	-6.077049,10.466311,-3.418308,
	-10.265632,10.466311,-3.418308,
	-5.75312,8.667861,-3.169441,
	-5.75312,10.26476,-3.169441,
	-10.589556,8.667861,-3.169441,
	-10.589556,10.26476,-3.169441,
	-5.753122,8.667861,-3.418308,
	-5.753122,10.26476,-3.418308,
	-10.589558,8.667861,-3.418308,
	-10.589557,10.26476,-3.418308,
	-10.26563,8.667861,-3.169441,
	-10.265629,10.26476,-3.169441,
	-6.077044,10.26476,-3.169441,
	-6.077045,8.667861,-3.169441,
	-6.077049,8.667861,-3.418308,
	-6.077049,10.26476,-3.418308,
	-10.265633,10.26476,-3.418308,
	-10.265633,8.667861,-3.418308,
	-6.077045,8.667861,-3.311311,
	-10.26563,8.667861,-3.311311,
	-6.077044,10.26476,-3.311311,
	-10.265629,10.26476,-3.311311],
  "indices" : [0,8,11,0,11,3,8,9,10,8,10,11,9,1,2,9,2,10,7,15,12,7,12,4,15,14,13,15,13,12,14,6,5,14,5,13,1,16,20,1,20,2,16,17,21,16,21,20,17,5,6,17,6,21,4,19,23,4,23,7,19,18,22,19,22,23,18,0,3,18,3,22,12,25,19,12,19,4,25,24,18,25,18,19,0,18,24,0,24,8,13,26,25,13,25,12,27,9,8,27,8,24,5,17,26,5,26,13,17,16,27,17,27,26,16,1,9,16,9,27,14,29,21,14,21,6,29,28,20,29,20,21,28,10,2,28,2,20,15,30,29,15,29,14,30,31,28,30,28,29,31,11,10,31,10,28,7,23,30,7,30,15,23,22,31,23,31,30,22,3,11,22,11,31,27,24,33,27,33,32,25,26,34,25,34,35,26,27,32,26,32,34,24,25,35,24,35,33],
  "Ni" : 1.00000,
  "ambient" : [0.00000,0.00000,0.00000],
  "d" : 1.00000,
  "color" : [0.32875,0.09652,0.01918],
  "illum" : 2,
  "specular" : [0.50000,0.50000,0.50000],
  "shininess" : 96.07843
}