{
  "alias" : "Cube.025_Cube.031_",
  "vertices" : [
	-5.705876,2.823414,8.89045,
	-5.705872,2.823414,-3.680552,
	-5.705878,2.368672,8.890449,
	-5.705874,2.368672,-3.68055,
	-5.404841,2.823414,-3.680552,
	-5.404844,2.368672,-3.68055,
	-5.404845,2.823414,8.89045,
	-5.404847,2.368672,8.890449],
  "indices" : [0,2,3,0,3,1,1,3,5,1,5,4,2,0,6,2,6,7,3,2,7,3,7,5,0,1,4,0,4,6,6,4,5,6,5,7],
  "ambient" : [0.00000,0.00000,0.00000],
  "d" : 1.00000,
  "color" : [0.80000,0.80000,0.80000],
  "illum" : 2,
  "specular" : [0.80000,0.80000,0.80000],
  "shininess" : 0.00000
}