{
  "alias" : "Mesh.160_Mesh.165_paper",
  "vertices" : [
	-7.015808,5.788533,-2.70658,
	-6.246526,5.788533,-3.03312,
	-5.642947,5.788533,-1.611176,
	-6.412228,5.788533,-1.284636],
  "indices" : [0,3,2,0,2,1],
  "Ni" : 1.00000,
  "ambient" : [0.00000,0.00000,0.00000],
  "d" : 1.00000,
  "color" : [0.64000,0.64000,0.64000],
  "illum" : 2,
  "texture" : "New",
  "specular" : [0.50000,0.50000,0.50000],
  "shininess" : 96.07843
}