{
  "alias" : "Cube.013_Cube.019_BOOK",
  "vertices" : [
	2.797617,-1.547046,2.44084,
	2.797617,-1.547046,3.080075,
	1.928616,-1.547046,3.080075,
	1.928616,-1.547046,2.440839,
	2.797618,-1.40369,2.44084,
	2.797617,-1.40369,3.080075,
	1.928616,-1.40369,3.080074,
	1.928616,-1.40369,2.44084],
  "indices" : [0,1,2,0,2,3,4,7,6,4,6,5,0,4,5,0,5,1,1,5,6,1,6,2,2,6,7,2,7,3,4,0,3,4,3,7],
  "Ni" : 1.00000,
  "ambient" : [0.00000,0.00000,0.00000],
  "d" : 1.00000,
  "color" : [0.41820,0.64000,0.36204],
  "illum" : 2,
  "specular" : [0.50000,0.50000,0.50000],
  "shininess" : 96.07843
}