{
  "alias" : "Mesh.177_Mesh.182_007",
  "vertices" : [
	-4.387144,5.490315,-3.603577,
	-4.387144,5.490315,-0.828165,
	-10.75627,5.490315,-0.828165,
	-10.756269,5.490315,-3.603578,
	-4.387142,5.728218,-3.603577,
	-4.387146,5.728218,-0.828164,
	-10.756271,5.728218,-0.828165,
	-10.756269,5.728218,-3.603577],
  "indices" : [0,1,2,0,2,3,4,7,6,4,6,5,0,4,5,0,5,1,1,5,6,1,6,2,2,6,7,2,7,3,4,0,3,4,3,7],
  "Ni" : 1.00000,
  "ambient" : [0.00000,0.00000,0.00000],
  "d" : 1.00000,
  "color" : [0.32875,0.09652,0.01918],
  "illum" : 2,
  "specular" : [0.50000,0.50000,0.50000],
  "shininess" : 96.07843
}