{
  "alias" : "Cube.004_Cube.009_WOOD",
  "vertices" : [
	3.519626,-2.386611,-1.0,
	3.519626,-2.386611,1.0,
	-1.802662,-2.386611,1.0,
	-1.80266,-2.386611,-1.0,
	3.519627,-2.250323,-0.999999,
	3.519624,-2.250323,1.000001,
	-1.802662,-2.250323,1.0,
	-1.802661,-2.250323,-1.0,
	3.447548,-2.386611,1.0,
	3.447548,-2.386611,-1.0,
	3.447546,-2.250323,1.000001,
	3.447549,-2.250323,-0.999999,
	3.447546,-1.625825,1.000001,
	3.447549,-1.625825,-0.999999,
	3.519627,-1.625825,-0.999999,
	3.519624,-1.625825,1.000001,
	-1.729742,-2.386611,1.0,
	-1.729741,-2.386611,-1.0,
	-1.729743,-2.250323,1.0,
	-1.729742,-2.250323,-1.0,
	-1.729742,-1.698441,-1.0,
	-1.729743,-1.698441,1.0,
	-1.802661,-1.698441,-1.0,
	-1.802662,-1.698441,1.0,
	3.519626,-2.386611,-0.839074,
	3.519626,-2.386611,0.839074,
	-1.802661,-2.386611,0.839074,
	-1.802661,-2.386611,-0.839076,
	3.519626,-2.250323,-0.839073,
	3.519625,-2.250323,0.839076,
	-1.802662,-2.250323,0.839074,
	-1.802662,-2.250323,-0.839075,
	3.447548,-2.386611,0.839074,
	3.447548,-2.386611,-0.839075,
	3.447547,-2.250323,0.839076,
	3.447548,-2.250323,-0.839073,
	3.447547,-1.625825,0.839076,
	3.447548,-1.625825,-0.839073,
	3.519626,-1.625825,-0.839073,
	3.519625,-1.625825,0.839076,
	-1.729742,-2.386611,0.839074,
	-1.729741,-2.386611,-0.839076,
	-1.729743,-2.250323,0.839074,
	-1.729742,-2.250323,-0.839075,
	-1.729742,-1.698441,-0.839075,
	-1.729743,-1.698441,0.839074,
	-1.802662,-1.698441,-0.839075,
	-1.802662,-1.698441,0.839074],
  "indices" : [5,10,8,5,8,1,0,9,11,0,11,4,4,11,13,4,13,14,10,5,15,10,15,12,10,18,16,10,16,8,18,6,2,18,2,16,9,17,19,9,19,11,17,3,7,17,7,19,19,7,22,19,22,20,6,18,21,6,21,23,24,0,4,24,4,28,28,29,25,28,25,24,29,5,1,29,1,25,6,30,26,6,26,2,30,31,27,30,27,26,31,7,3,31,3,27,24,25,32,24,32,33,11,35,37,11,37,13,35,34,36,35,36,37,34,10,12,34,12,36,5,29,39,5,39,15,29,28,38,29,38,39,28,4,14,28,14,38,13,37,38,13,38,14,37,36,39,37,39,38,36,12,15,36,15,39,16,40,32,16,32,8,40,41,33,40,33,32,41,17,9,41,9,33,26,27,41,26,41,40,19,43,35,19,35,11,43,42,34,43,34,35,42,18,10,42,10,34,18,42,45,18,45,21,42,43,44,42,44,45,43,19,20,43,20,44,7,31,46,7,46,22,31,30,47,31,47,46,30,6,23,30,23,47,22,46,44,22,44,20,46,47,45,46,45,44,47,23,21,47,21,45],
  "Ni" : 1.00000,
  "ambient" : [0.00000,0.00000,0.00000],
  "d" : 1.00000,
  "color" : [0.57843,0.31405,0.15205],
  "illum" : 2,
  "specular" : [0.50000,0.50000,0.50000],
  "shininess" : 96.07843
}