{
  "alias" : "Mesh.162_Mesh.167_wall_bedroom",
  "vertices" : [
	1.576921,3.303286,8.557812,
	1.576921,11.720784,8.557812,
	1.576921,11.720784,0.68108,
	1.576921,3.286345,0.68108,
	-5.664796,11.720784,8.557813,
	-5.664796,3.490243,8.557813],
  "indices" : [0,1,2,0,2,3,0,5,4,0,4,1],
  "texcoords" : [
	0.0,0.0,
	1.0,0.0,
	1.0,1.0,
	0.0,1.0,
	1.0,1.0,
	0.0,1.0],
  "Ni" : 1.00000,
  "ambient" : [0.00000,0.00000,0.00000],
  "d" : 1.00000,
  "color" : [0.65823,0.56670,0.41680],
  "illum" : 2,
  "specular" : [0.50000,0.50000,0.50000],
  "shininess" : 96.07843
}