{
  "alias" : "Cube.029_Cube.035_",
  "vertices" : [
	2.49436,1.56412,-3.562134,
	1.577831,1.535573,-3.563404,
	2.052407,1.955139,-3.624418,
	2.56831,1.530267,-3.557211,
	2.055039,2.017538,-3.628071,
	1.503882,1.501721,-3.558481,
	2.311674,1.773903,-3.592641,
	1.77946,1.745356,-3.59391,
	2.439992,1.652085,-3.574926,
	2.183357,1.89572,-3.610356,
	1.91725,1.867173,-3.611625,
	1.641671,1.623538,-3.576195,
	2.49436,1.535573,-3.563404,
	1.577831,1.56412,-3.562134,
	2.052407,1.983685,-3.623148,
	2.56831,1.501721,-3.558481,
	2.055039,1.988991,-3.62934,
	1.503882,1.530267,-3.557211,
	2.311674,1.745356,-3.59391,
	1.77946,1.773903,-3.592641,
	2.439992,1.623538,-3.576195,
	2.183357,1.867173,-3.611625,
	1.91725,1.89572,-3.610356,
	1.641671,1.652085,-3.574926],
  "indices" : [2,0,6,7,2,1,8,0,3,6,0,8,6,9,2,9,4,2,5,11,1,11,7,1,7,10,2,10,4,2,18,12,14,13,14,19,15,12,20,20,12,18,14,21,18,14,16,21,13,23,17,13,19,23,14,22,19,14,16,22,5,1,13,5,13,17,7,11,23,7,23,19,9,6,18,9,18,21,1,2,14,1,14,13,3,0,12,3,12,15,10,7,19,10,19,22,6,8,20,6,20,18,0,2,14,0,14,12,4,10,22,4,22,16,8,3,15,8,15,20,11,5,17,11,17,23,4,9,21,4,21,16],
  "ambient" : [0.00000,0.00000,0.00000],
  "d" : 1.00000,
  "color" : [0.80000,0.80000,0.80000],
  "illum" : 2,
  "specular" : [0.80000,0.80000,0.80000],
  "shininess" : 0.00000
}