{
  "alias" : "Mesh.163_Mesh.168_Material.008",
  "vertices" : [
	-3.1844,7.155378,-2.680377,
	0.756824,7.155378,-2.680378,
	0.756824,7.155378,-2.929245,
	-3.184401,7.155378,-2.929244,
	-3.184399,9.875437,-2.680377,
	0.756825,9.875437,-2.680378,
	0.756824,9.875437,-2.929245,
	-3.1844,9.875437,-2.929244,
	-2.920432,7.155378,-2.680377,
	0.492857,7.155378,-2.680378,
	0.492855,7.155378,-2.929245,
	-2.920434,7.155378,-2.929244,
	-2.920429,9.875437,-2.680377,
	0.492859,9.875437,-2.680378,
	0.492855,9.875437,-2.929245,
	-2.920433,9.875437,-2.929244,
	0.756825,7.429492,-2.680378,
	0.756825,9.601323,-2.680378,
	-3.1844,7.429492,-2.680377,
	-3.1844,9.601323,-2.680377,
	0.756824,7.429492,-2.929245,
	0.756824,9.601323,-2.929245,
	-3.184401,7.429492,-2.929244,
	-3.184401,9.601323,-2.929244,
	-2.920431,7.429492,-2.680377,
	-2.92043,9.601323,-2.680377,
	0.492859,9.601323,-2.680378,
	0.492858,7.429492,-2.680378,
	0.492855,7.429492,-2.929245,
	0.492855,9.601323,-2.929245,
	-2.920434,9.601323,-2.929244,
	-2.920434,7.429492,-2.929244,
	0.492858,7.429492,-2.822248,
	-2.920431,7.429492,-2.822248,
	0.492859,9.601323,-2.822248,
	-2.92043,9.601323,-2.822248],
  "indices" : [0,8,11,0,11,3,8,9,10,8,10,11,9,1,2,9,2,10,7,15,12,7,12,4,15,14,13,15,13,12,14,6,5,14,5,13,1,16,20,1,20,2,16,17,21,16,21,20,17,5,6,17,6,21,4,19,23,4,23,7,19,18,22,19,22,23,18,0,3,18,3,22,12,25,19,12,19,4,25,24,18,25,18,19,0,18,24,0,24,8,13,26,25,13,25,12,27,9,8,27,8,24,5,17,26,5,26,13,17,16,27,17,27,26,16,1,9,16,9,27,14,29,21,14,21,6,29,28,20,29,20,21,28,10,2,28,2,20,15,30,29,15,29,14,30,31,28,30,28,29,31,11,10,31,10,28,7,23,30,7,30,15,23,22,31,23,31,30,22,3,11,22,11,31,27,24,33,27,33,32,25,26,34,25,34,35,26,27,32,26,32,34,24,25,35,24,35,33],
  "texcoords" : [
	0.0,0.0,
	1.0,0.0,
	1.0,1.0,
	1.0,0.0,
	0.0,1.0,
	0.0,0.0,
	0.0,1.0,
	0.0,0.0,
	1.0,1.0,
	1.0,1.0,
	1.0,1.0,
	1.0,1.0,
	0.0,1.0,
	0.0,1.0,
	0.0,1.0,
	0.0,1.0,
	0.0,0.0,
	0.0,0.0,
	1.0,0.0,
	0.0,1.0,
	0.0,1.0,
	0.0,1.0,
	0.0,0.0,
	0.0,0.0,
	0.0,0.0,
	1.0,0.0,
	0.0,0.0,
	1.0,0.0,
	0.0,1.0,
	0.0,1.0,
	0.0,1.0,
	0.0,1.0,
	1.0,1.0,
	0.0,1.0,
	0.0,1.0,
	1.0,1.0],
  "Ni" : 1.00000,
  "ambient" : [0.00000,0.00000,0.00000],
  "d" : 1.00000,
  "color" : [0.14758,0.14758,0.14758],
  "illum" : 2,
  "specular" : [0.50000,0.50000,0.50000],
  "shininess" : 96.07843
}