{
  "alias" : "Plane.002_Plane.002_stove",
  "vertices" : [
	-2.40167,1.332439,15.078703,
	-2.401777,1.496664,17.903736,
	-2.349757,3.728277,17.915337,
	-2.349833,3.626274,15.084737,
	-2.522192,1.531659,15.18974,
	-2.521888,1.678511,17.796862,
	-2.477561,3.53395,17.803734,
	-2.476494,3.44666,15.190933],
  "indices" : [1,0,3,1,3,2,7,4,5,7,5,6],
  "Ni" : 1.00000,
  "ambient" : [0.00000,0.00000,0.00000],
  "d" : 1.00000,
  "color" : [0.64000,0.64000,0.64000],
  "illum" : 2,
  "specular" : [0.50000,0.50000,0.50000],
  "shininess" : 96.07843
}