{
  "alias" : "Cube.072_Cube.077_007",
  "vertices" : [
	-11.130822,9.74907,-3.609628,
	-11.143198,9.751214,-2.991443,
	-11.356571,9.788177,7.666331,
	-11.214323,9.763535,1.678005,
	-11.285447,9.775856,1.936403,
	-11.130822,9.387831,-3.609628,
	-11.143198,9.38978,-2.991443,
	-11.356571,9.423374,7.666331,
	-11.214323,9.400978,1.678005,
	-11.285447,9.412176,1.936403,
	-11.018497,9.423374,7.701867,
	-10.947374,9.412176,1.971939,
	-10.876249,9.400978,1.713541,
	-10.805124,9.38978,-2.955907,
	-10.792748,9.387831,-3.574092,
	-11.018497,9.788177,7.701867,
	-10.792748,9.74907,-3.574092,
	-10.947374,9.775856,1.971939,
	-10.876249,9.763535,1.713541,
	-10.805124,9.751214,-2.955908],
  "indices" : [1,6,5,1,5,0,3,8,6,3,6,1,4,9,8,4,8,3,2,7,9,2,9,4,9,7,10,9,10,11,8,9,11,8,11,12,6,8,12,6,12,13,5,6,13,5,13,14,7,2,15,7,15,10,0,5,14,0,14,16,2,4,17,2,17,15,4,3,18,4,18,17,3,1,19,3,19,18,1,0,16,1,16,19,17,11,10,17,10,15,18,12,11,18,11,17,19,13,12,19,12,18,16,14,13,16,13,19],
  "Ni" : 1.00000,
  "ambient" : [0.00000,0.00000,0.00000],
  "d" : 1.00000,
  "color" : [0.32875,0.09652,0.01918],
  "illum" : 2,
  "specular" : [0.50000,0.50000,0.50000],
  "shininess" : 96.07843
}