{
  "alias" : "Mesh.026_Mesh.034_WHITE",
  "vertices" : [
	6.277791,-0.721677,-1.665634,
	6.277791,-0.721677,-1.462177,
	6.14149,-0.493893,-1.462177,
	6.14149,-0.493893,-1.665634,
	7.240193,-0.145798,-1.665634,
	7.240193,-0.145798,-1.462177,
	7.103893,0.081985,-1.462177,
	7.103893,0.081985,-1.665634,
	7.646532,-0.034933,-1.665634,
	7.650811,0.23393,-1.665634,
	7.650811,0.23393,-1.462177,
	7.646532,-0.034933,-1.462177,
	8.474425,-0.069465,-1.603487,
	8.474425,-0.069466,-1.806944,
	8.478704,0.199398,-1.603487,
	8.478704,0.199398,-1.806944],
  "indices" : [0,1,2,0,2,3,0,4,5,0,5,1,1,5,6,1,6,2,2,6,7,2,7,3,4,0,3,4,3,7,4,7,9,4,9,8,7,6,10,7,10,9,6,5,11,6,11,10,5,4,8,5,8,11,11,8,13,11,13,12,10,11,12,10,12,14,9,10,14,9,14,15,8,9,15,8,15,13,13,15,14,13,14,12],
  "Ni" : 1.00000,
  "ambient" : [0.00000,0.00000,0.00000],
  "d" : 1.00000,
  "color" : [0.80000,0.80000,0.80000],
  "illum" : 2,
  "specular" : [0.50000,0.50000,0.50000],
  "shininess" : -0.00002
}