{
  "alias" : "Plane.001_Plane.001_stove",
  "vertices" : [
	-2.302447,0.277935,17.635679,
	-2.319558,-1.749289,17.634411,
	-2.301682,0.277911,15.352912,
	-2.318794,-1.749313,15.351645,
	-2.45028,0.289072,17.50042,
	-2.471997,-1.744208,17.502783,
	-2.44929,0.287613,15.488626,
	-2.471484,-1.744758,15.483235],
  "indices" : [3,2,0,3,0,1,4,6,7,4,7,5],
  "Ni" : 1.00000,
  "ambient" : [0.00000,0.00000,0.00000],
  "d" : 1.00000,
  "color" : [0.64000,0.64000,0.64000],
  "illum" : 2,
  "specular" : [0.50000,0.50000,0.50000],
  "shininess" : 96.07843
}