{
  "alias" : "Mesh.175_Mesh.180_wall_bedroom",
  "vertices" : [
	-11.077528,3.374213,-3.596434,
	-11.077528,3.374213,-1.128254,
	-11.077528,5.479812,-1.128254,
	-11.077528,5.479812,-3.596434,
	-10.839626,3.374212,-3.596433,
	-10.839626,3.374213,-1.128253,
	-10.839626,5.479813,-1.128254,
	-10.839626,5.479812,-3.596434],
  "indices" : [0,1,2,0,2,3,4,7,6,4,6,5,0,4,5,0,5,1,1,5,6,1,6,2,2,6,7,2,7,3,4,0,3,4,3,7],
  "Ni" : 1.00000,
  "ambient" : [0.00000,0.00000,0.00000],
  "d" : 1.00000,
  "color" : [0.65823,0.56670,0.41680],
  "illum" : 2,
  "specular" : [0.50000,0.50000,0.50000],
  "shininess" : 96.07843
}