{
  "alias" : "Cube.023_Cube.029_FLOOR",
  "vertices" : [
	10.299733,-2.718113,-4.062285,
	10.299733,-2.718113,8.628851,
	-5.705876,-2.718113,8.628851,
	-5.705872,-2.718113,-4.062287],
  "indices" : [0,1,2,0,2,3],
  "Ni" : 1.00000,
  "ambient" : [0.00000,0.00000,0.00000],
  "d" : 1.00000,
  "color" : [0.80000,0.72424,0.61040],
  "illum" : 2,
  "specular" : [0.50000,0.50000,0.50000],
  "shininess" : -0.00002
}