{
  "alias" : "Cube.026_Cube.032_potrait",
  "vertices" : [
	-0.472907,0.103442,-3.553138,
	-0.472907,0.103442,-3.445046,
	-1.482128,0.103442,-3.445046,
	-1.482127,0.103442,-3.553138,
	-0.472907,1.447512,-3.553138,
	-0.472907,1.447512,-3.445046,
	-1.482128,1.447512,-3.445046,
	-1.482128,1.447512,-3.553138,
	-0.588563,0.103442,-3.445046,
	-1.366472,0.103442,-3.445046,
	-0.588563,0.103442,-3.553138,
	-1.366471,0.103442,-3.553138,
	-0.588564,1.447512,-3.445046,
	-1.366472,1.447512,-3.445046,
	-0.588563,1.447512,-3.553138,
	-1.366471,1.447512,-3.553138,
	-0.472907,0.190508,-3.445046,
	-0.472907,1.360446,-3.445046,
	-0.472907,0.190508,-3.553138,
	-0.472907,1.360446,-3.553138,
	-1.482128,0.190508,-3.445046,
	-1.482128,1.360446,-3.445046,
	-1.482128,0.190508,-3.553138,
	-1.482128,1.360446,-3.553138,
	-0.588563,0.190508,-3.445046,
	-0.588564,1.360446,-3.445046,
	-1.366472,0.190508,-3.445046,
	-1.366472,1.360446,-3.445046,
	-0.588563,0.190508,-3.553138,
	-0.588563,1.360446,-3.553138,
	-1.366471,0.190508,-3.553138,
	-1.366471,1.360446,-3.553138,
	-0.588563,0.190508,-3.512533,
	-1.366472,0.190508,-3.512533,
	-0.588564,1.360446,-3.512533,
	-1.366472,1.360446,-3.512533],
  "indices" : [10,0,1,10,1,8,8,9,11,8,11,10,9,2,3,9,3,11,4,14,12,4,12,5,14,15,13,14,13,12,15,7,6,15,6,13,0,18,16,0,16,1,18,19,17,18,17,16,19,4,5,19,5,17,2,20,22,2,22,3,20,21,23,20,23,22,21,6,7,21,7,23,12,25,17,12,17,5,25,24,16,25,16,17,24,8,1,24,1,16,13,27,25,13,25,12,26,9,8,26,8,24,6,21,27,6,27,13,21,20,26,21,26,27,20,2,9,20,9,26,18,0,10,18,10,28,28,29,19,28,19,18,29,14,4,29,4,19,11,30,28,11,28,10,30,31,29,30,29,28,31,15,14,31,14,29,3,22,30,3,30,11,22,23,31,22,31,30,23,7,15,23,15,31,26,24,32,26,32,33,25,27,35,25,35,34,27,26,33,27,33,35,24,25,34,24,34,32],
  "texcoords" : [
	1.0,0.0,
	1.0,1.0,
	1.0,0.0,
	0.0,0.0,
	1.0,1.0,
	0.0,1.0,
	0.0,0.0,
	1.0,0.0,
	1.0,1.0,
	1.0,1.0,
	0.0,1.0,
	0.0,1.0,
	0.0,1.0,
	0.0,1.0,
	1.0,1.0,
	1.0,1.0,
	0.0,1.0,
	0.0,1.0,
	0.0,1.0,
	0.0,1.0,
	0.0,0.0,
	0.0,0.0,
	0.0,0.0,
	0.0,0.0,
	0.0,0.0,
	1.0,0.0,
	1.0,0.0,
	0.0,0.0,
	0.0,1.0,
	0.0,1.0,
	0.0,1.0,
	0.0,1.0,
	0.0,1.0,
	1.0,1.0,
	1.0,1.0,
	0.0,1.0],
  "Ni" : 1.00000,
  "ambient" : [0.00000,0.00000,0.00000],
  "d" : 1.00000,
  "color" : [0.80000,0.69515,0.55444],
  "illum" : 2,
  "specular" : [0.50000,0.50000,0.50000],
  "shininess" : 96.07843
}