{
  "alias" : "Mesh.019_Mesh.027_WHITE",
  "vertices" : [
	8.325982,-1.653809,-1.991111,
	7.685627,-1.105157,-1.991111,
	7.045272,-0.556505,-1.991111,
	6.404917,-0.007853,-1.991111,
	5.764562,0.540799,-1.991111,
	5.124207,1.08945,-1.991111,
	4.483852,1.638102,-1.991111,
	3.843497,2.186754,-1.991111,
	3.203142,2.735405,-1.991111,
	8.325982,-1.653809,-1.86304,
	7.685627,-1.105157,-1.86304,
	7.045272,-0.556505,-1.86304,
	6.404917,-0.007853,-1.86304,
	5.764562,0.540799,-1.86304,
	5.124207,1.08945,-1.86304,
	4.483852,1.638102,-1.86304,
	3.843497,2.186754,-1.86304,
	3.203142,2.735405,-1.86304,
	8.197911,-1.653809,-1.86304,
	7.557556,-1.105157,-1.86304,
	6.917201,-0.556505,-1.86304,
	6.276846,-0.007853,-1.86304,
	5.636491,0.540799,-1.86304,
	4.996136,1.08945,-1.86304,
	4.355781,1.638102,-1.86304,
	3.715426,2.186754,-1.86304,
	3.075071,2.735405,-1.86304,
	8.197911,-1.653809,-1.991111,
	7.557556,-1.105157,-1.991111,
	6.917201,-0.556505,-1.991111,
	6.276846,-0.007853,-1.991111,
	5.636491,0.540799,-1.991111,
	4.996136,1.08945,-1.991111,
	4.355781,1.638102,-1.991111,
	3.715426,2.186754,-1.991111,
	3.075071,2.735405,-1.991111,
	8.325982,0.175031,-1.991111,
	7.685627,0.723682,-1.991111,
	7.045272,1.272334,-1.991111,
	6.404917,1.820986,-1.991111,
	5.764562,2.369638,-1.991111,
	5.124207,2.91829,-1.991111,
	4.483852,3.466942,-1.991111,
	3.843497,4.015594,-1.991111,
	3.203142,4.564245,-1.991111,
	8.325982,0.175031,-1.86304,
	7.685627,0.723682,-1.86304,
	7.045272,1.272334,-1.86304,
	6.404917,1.820986,-1.86304,
	5.764562,2.369638,-1.86304,
	5.124207,2.91829,-1.86304,
	4.483852,3.466942,-1.86304,
	3.843497,4.015594,-1.86304,
	3.203142,4.564245,-1.86304,
	8.197911,0.175031,-1.86304,
	7.557556,0.723682,-1.86304,
	6.917201,1.272334,-1.86304,
	6.276846,1.820986,-1.86304,
	5.636491,2.369638,-1.86304,
	4.996136,2.91829,-1.86304,
	4.355781,3.466942,-1.86304,
	3.715426,4.015594,-1.86304,
	3.075071,4.564245,-1.86304,
	8.197911,0.175031,-1.991111,
	7.557556,0.723682,-1.991111,
	6.917201,1.272334,-1.991111,
	6.276846,1.820986,-1.991111,
	5.636491,2.369638,-1.991111,
	4.996136,2.91829,-1.991111,
	4.355781,3.466942,-1.991111,
	3.715426,4.015594,-1.991111,
	3.075071,4.564245,-1.991111],
  "indices" : [0,9,18,0,18,27,1,10,19,1,19,28,2,11,20,2,20,29,3,12,21,3,21,30,4,13,22,4,22,31,5,14,23,5,23,32,6,15,24,6,24,33,7,16,25,7,25,34,8,17,26,8,26,35,36,63,54,36,54,45,37,64,55,37,55,46,38,65,56,38,56,47,39,66,57,39,57,48,40,67,58,40,58,49,41,68,59,41,59,50,42,69,60,42,60,51,43,70,61,43,61,52,44,71,62,44,62,53,0,36,45,0,45,9,1,37,46,1,46,10,2,38,47,2,47,11,3,39,48,3,48,12,4,40,49,4,49,13,5,41,50,5,50,14,6,42,51,6,51,15,7,43,52,7,52,16,8,44,53,8,53,17,9,45,54,9,54,18,10,46,55,10,55,19,11,47,56,11,56,20,12,48,57,12,57,21,13,49,58,13,58,22,14,50,59,14,59,23,15,51,60,15,60,24,16,52,61,16,61,25,17,53,62,17,62,26,18,54,63,18,63,27,19,55,64,19,64,28,20,56,65,20,65,29,21,57,66,21,66,30,22,58,67,22,67,31,23,59,68,23,68,32,24,60,69,24,69,33,25,61,70,25,70,34,26,62,71,26,71,35,36,0,27,36,27,63,37,1,28,37,28,64,38,2,29,38,29,65,39,3,30,39,30,66,40,4,31,40,31,67,41,5,32,41,32,68,42,6,33,42,33,69,43,7,34,43,34,70,44,8,35,44,35,71],
  "Ni" : 1.00000,
  "ambient" : [0.00000,0.00000,0.00000],
  "d" : 1.00000,
  "color" : [0.80000,0.80000,0.80000],
  "illum" : 2,
  "specular" : [0.50000,0.50000,0.50000],
  "shininess" : -0.00002
}