{
  "alias" : "Mesh.161_Mesh.166_paper_ContractSCSD.jpg",
  "vertices" : [
	-6.736172,6.005135,-2.947384,
	-5.922582,6.005135,-2.947384,
	-5.922582,6.005135,-1.370372,
	-6.736172,6.005135,-1.370372],
  "indices" : [0,3,2,0,2,1],
  "texcoords" : [
	1.015585,0.002079,
	-0.00776,0.002079,
	-0.00776,0.983884,
	1.015585,0.983884],
  "Ni" : 1.00000,
  "ambient" : [0.00000,0.00000,0.00000],
  "d" : 1.00000,
  "color" : [0.64000,0.64000,0.64000],
  "illum" : 2,
  "texture" : "New",
  "specular" : [0.50000,0.50000,0.50000],
  "shininess" : 96.07843
}