{
  "alias" : "Cube.085_Cube.089_",
  "vertices" : [
	-5.478301,-2.630389,22.705063,
	-5.478302,-2.630389,8.739214,
	10.638103,-2.630389,8.431248,
	10.638102,-2.630389,22.705063,
	-5.478305,7.699445,22.705059,
	-5.478297,7.699445,8.73921,
	10.638104,7.699445,8.431249,
	10.638104,7.699445,22.705061,
	7.665031,-2.630389,8.48806,
	7.66503,-2.630389,22.705063,
	7.665031,7.699445,22.705061,
	7.665031,7.666393,8.48806,
	-5.261235,-2.347646,22.511534,
	-5.214262,-2.281765,8.739214,
	10.423172,-2.348199,8.627028,
	10.421036,-2.347646,22.511534,
	-5.212463,7.699445,22.468042,
	-5.102328,7.699445,8.73921,
	10.374374,7.699445,8.670136,
	10.372263,7.699445,22.468044,
	7.668622,-2.192374,8.637928,
	7.66503,-2.284111,22.468046,
	7.665031,7.699445,22.369858,
	7.673086,7.666393,8.823181],
  "indices" : [0,4,5,0,5,1,2,6,7,2,7,3,9,0,1,9,1,8,8,2,3,8,3,9,0,9,10,0,10,4,9,3,7,9,7,10,2,8,11,2,11,6,17,16,12,17,12,13,19,18,14,19,14,15,13,12,21,13,21,20,15,14,20,15,20,21,22,21,12,22,12,16,19,15,21,19,21,22,23,20,14,23,14,18,1,5,17,1,17,13,8,1,13,8,13,20,10,7,19,10,19,22,6,11,23,6,23,18,5,4,16,5,16,17,7,6,18,7,18,19,4,10,22,4,22,16,11,8,20,11,20,23],
  "ambient" : [0.00000,0.00000,0.00000],
  "d" : 1.00000,
  "color" : [0.80000,0.80000,0.80000],
  "illum" : 2,
  "specular" : [0.80000,0.80000,0.80000],
  "shininess" : 0.00000
}