{
  "alias" : "Cube.075_Cube.080_mirror",
  "vertices" : [
	-11.655478,6.575374,7.668045,
	-11.655478,6.287163,7.668045,
	-11.584354,6.571959,1.938118,
	-11.584354,6.282108,1.938118,
	-11.655478,3.903944,7.668046,
	-11.584354,3.863884,1.938118,
	-11.655478,9.103882,7.668046,
	-11.584354,9.092684,1.938118,
	-11.787449,6.575374,7.664616,
	-11.787449,6.287163,7.664616,
	-11.716326,6.571959,1.934689,
	-11.716326,6.282108,1.934689,
	-11.787449,3.903944,7.664617,
	-11.716326,3.863884,1.934689,
	-11.787449,9.103882,7.664617,
	-11.716326,9.092684,1.934689],
  "indices" : [0,1,3,0,3,2,1,4,5,1,5,3,6,0,2,6,2,7,11,9,8,11,8,10,13,12,9,13,9,11,10,8,14,10,14,15,1,0,8,1,8,9,5,4,12,5,12,13,7,2,10,7,10,15,3,5,13,3,13,11,4,1,9,4,9,12,0,6,14,0,14,8,2,3,11,2,11,10,6,7,15,6,15,14],
  "Ni" : 1.00000,
  "ambient" : [0.00000,0.00000,0.00000],
  "d" : 1.00000,
  "color" : [0.55444,0.65929,0.80000],
  "illum" : 2,
  "specular" : [0.50000,0.50000,0.50000],
  "shininess" : -0.00002
}