{
  "alias" : "Cube.077_Cube.082_WHITE",
  "vertices" : [
	-11.37178,3.329391,-2.99144,
	-11.371778,9.431722,-2.991443,
	-11.442904,3.375843,1.678005,
	-11.442904,9.444043,1.678005,
	-11.514028,9.456364,1.936403,
	-11.371779,6.565128,-2.991442,
	-11.37178,6.271999,-2.991441,
	-11.442904,6.568543,1.678005,
	-11.442904,6.277054,1.678005,
	-11.514028,6.571959,1.936403,
	-11.514029,6.282108,1.936403,
	-11.37178,3.783765,-2.99144,
	-11.442904,3.823824,1.678005,
	-11.514029,3.863884,1.936403,
	-11.371778,9.070288,-2.991443,
	-11.442904,9.081486,1.678005,
	-11.514028,9.092684,1.936403],
  "indices" : [7,8,6,7,6,5,9,10,8,9,8,7,12,2,0,12,0,11,10,13,12,10,12,8,3,15,14,3,14,1,4,16,15,4,15,3,16,9,7,16,7,15],
  "Ni" : 1.00000,
  "ambient" : [0.00000,0.00000,0.00000],
  "d" : 1.00000,
  "color" : [0.80000,0.80000,0.80000],
  "illum" : 2,
  "specular" : [0.50000,0.50000,0.50000],
  "shininess" : -0.00002
}