{
  "alias" : "Cube.030_Cube.036_",
  "vertices" : [
	1.026187,1.140165,-3.557657,
	0.174738,1.113646,-3.558837,
	0.615616,1.503419,-3.615518,
	1.094885,1.108717,-3.553084,
	0.618061,1.561387,-3.618912,
	0.10604,1.082197,-3.554264,
	0.856473,1.335052,-3.585998,
	0.362051,1.308532,-3.587178,
	0.975679,1.221884,-3.569541,
	0.737267,1.44822,-3.602455,
	0.490056,1.4217,-3.603635,
	0.234045,1.195365,-3.570721,
	1.026187,1.113646,-3.558837,
	0.174738,1.140165,-3.557657,
	0.615616,1.529939,-3.614339,
	1.094885,1.082197,-3.554264,
	0.618061,1.534867,-3.620092,
	0.10604,1.108717,-3.553084,
	0.856473,1.308532,-3.587178,
	0.362051,1.335052,-3.585998,
	0.975679,1.195365,-3.570721,
	0.737267,1.4217,-3.603635,
	0.490056,1.44822,-3.602455,
	0.234045,1.221884,-3.569541],
  "indices" : [2,0,6,7,2,1,8,0,3,6,0,8,6,9,2,9,4,2,5,11,1,11,7,1,7,10,2,10,4,2,18,12,14,13,14,19,15,12,20,20,12,18,14,21,18,14,16,21,13,23,17,13,19,23,14,22,19,14,16,22,5,1,13,5,13,17,7,11,23,7,23,19,9,6,18,9,18,21,1,2,14,1,14,13,3,0,12,3,12,15,10,7,19,10,19,22,6,8,20,6,20,18,0,2,14,0,14,12,4,10,22,4,22,16,8,3,15,8,15,20,11,5,17,11,17,23,4,9,21,4,21,16],
  "ambient" : [0.00000,0.00000,0.00000],
  "d" : 1.00000,
  "color" : [0.80000,0.80000,0.80000],
  "illum" : 2,
  "specular" : [0.80000,0.80000,0.80000],
  "shininess" : 0.00000
}