{
  "alias" : "Mesh.162_Mesh.167_wall_bedroom_normal_ceramic_tiles_",
  "vertices" : [
	-11.546543,3.303286,-3.7833,
	1.576921,3.303286,-3.783301,
	1.576921,3.303286,8.557812,
	-11.546545,3.303286,8.55781,
	-9.244217,3.303286,-3.783301,
	-9.244219,3.303286,8.55781,
	1.576921,3.303286,5.923096,
	-11.546544,3.303286,5.923093,
	-9.244219,3.303286,5.923094],
  "indices" : [5,8,7,5,7,3,0,7,8,0,8,4,2,6,8,2,8,5,6,1,4,6,4,8],
  "texcoords" : [
	1.510118,1.868458,
	1.510118,-0.754597,
	-0.599119,-0.754597,
	-0.599119,1.868459,
	1.510118,1.40828,
	-0.599119,1.408281,
	-0.148816,-0.754597,
	-0.148815,1.868459,
	-0.148815,1.408281],
  "Ni" : 1.00000,
  "ambient" : [0.00000,0.00000,0.00000],
  "d" : 1.00000,
  "color" : [0.65823,0.56670,0.41680],
  "illum" : 2,
  "texture" : "New",
  "specular" : [0.50000,0.50000,0.50000],
  "shininess" : 96.07843
}