{
  "alias" : "Cube.045_Cube.053_WOOD",
  "vertices" : [
	3.77887,2.255753,-3.653745,
	3.77887,2.255753,-1.754678,
	3.013243,2.255753,-1.754678,
	3.013243,2.255753,-3.653746,
	3.77887,2.06047,-3.653745,
	3.77887,2.06047,-1.754678,
	3.013242,2.06047,-1.754678,
	3.013243,2.06047,-3.653745],
  "indices" : [0,1,2,0,2,3,4,7,6,4,6,5,0,4,5,0,5,1,1,5,6,1,6,2,2,6,7,2,7,3,4,0,3,4,3,7],
  "Ni" : 1.00000,
  "ambient" : [0.00000,0.00000,0.00000],
  "d" : 1.00000,
  "color" : [0.57843,0.31405,0.15205],
  "illum" : 2,
  "specular" : [0.50000,0.50000,0.50000],
  "shininess" : 96.07843
}