{
  "alias" : "Cube.057_Cube.02_WHITE.002",
  "vertices" : [
	-6.024043,3.34058,8.89045,
	-6.024043,3.34058,-3.680548,
	-6.024042,2.513022,8.89045,
	-6.024042,2.513022,-3.680549,
	-6.024043,3.34058,7.319075,
	-6.024043,3.34058,-2.109174,
	-6.024042,3.34058,5.7477,
	-6.024042,3.34058,-0.537798,
	-6.024042,3.34058,4.176325,
	-6.024042,3.34058,1.033577,
	-6.024041,3.34058,2.604951,
	-6.024042,2.520373,7.319076,
	-6.024042,2.520373,-2.109174,
	-6.024041,2.527724,5.7477,
	-6.024041,2.527724,-0.537799,
	-6.024041,2.535076,4.770967,
	-6.024041,2.535076,0.438934,
	-6.024041,2.542427,2.604951,
	-6.024042,3.34058,5.965971,
	-6.024042,3.34058,-0.756069,
	-6.024041,2.526703,5.965971,
	-6.024041,2.526703,-0.75607,
	-6.024043,3.34058,7.467956,
	-6.024043,3.34058,-2.258054,
	-6.024042,2.519677,7.467957,
	-6.024042,2.519677,-2.258055],
  "indices" : [10,8,15,10,15,17,16,9,10,16,10,17,8,6,13,8,13,15,14,7,9,14,9,16,6,18,20,6,20,13,21,19,7,21,7,14,18,4,11,18,11,20,12,5,19,12,19,21,4,22,24,4,24,11,25,23,5,25,5,12,22,0,2,22,2,24,3,1,23,3,23,25],
  "Ni" : 1.00000,
  "ambient" : [0.00000,0.00000,0.00000],
  "d" : 1.00000,
  "color" : [0.11997,0.11997,0.12234],
  "illum" : 2,
  "specular" : [0.50000,0.50000,0.50000],
  "shininess" : -0.00002
}