{
  "alias" : "Mesh.180_Mesh.194_",
  "vertices" : [
	-18.114449,-2.31727,-3.92431,
	-18.104305,-2.422853,9.396796,
	-15.221801,-2.485173,-3.840585,
	-15.221801,-2.940194,-3.840584,
	-18.104305,-2.877875,9.396797,
	-18.133392,-2.739103,-3.865226,
	-18.133392,-4.078464,-3.865226,
	-18.104305,-4.217236,9.396797,
	-15.2218,-4.279555,-3.840585,
	-18.133392,-3.63201,-3.865226,
	-18.133392,-3.185556,-3.865226,
	-18.104305,-3.324328,9.396797,
	-18.104305,-3.770782,9.396797,
	-15.221801,-3.386648,-3.840585,
	-15.221801,-3.833102,-3.840585,
	-15.223875,-4.279555,-3.595475,
	-15.223875,-3.833102,-3.595475,
	-15.223875,-3.386648,-3.595475,
	-15.223875,-2.940194,-3.595475,
	-18.135468,-2.739103,-3.620117,
	-18.135468,-3.185556,-3.620117,
	-18.135468,-3.63201,-3.620117,
	-18.135468,-4.078464,-3.620117,
	-15.226583,-3.386648,-3.275436,
	-18.138176,-3.185556,-3.300077,
	-15.226583,-4.279555,-3.275436,
	-18.138176,-4.078464,-3.300077,
	-18.138176,-3.63201,-3.300077,
	-15.226583,-3.833102,-3.275436,
	-15.23115,-3.833102,-2.73591,
	-18.142742,-3.63201,-2.760552,
	-15.23115,-4.279555,-2.735911,
	-18.142742,-4.078464,-2.760552,
	-10.689795,-4.167162,-3.918688,
	-10.689794,-3.720708,-3.918688,
	-10.689794,-3.274254,-3.918688,
	-10.689795,-2.827801,-3.918688,
	-10.689795,-2.37278,-3.918688,
	-10.210542,-2.37278,9.458804,
	-10.210541,-2.827801,9.458804,
	-10.210541,-3.274255,9.458804,
	-10.210541,-3.720708,9.458804,
	-10.210542,-4.167162,9.458804,
	-6.232552,-2.37278,-3.918689,
	-5.753299,-2.37278,9.458804],
  "indices" : [5,0,2,5,2,3,1,0,5,1,5,4,5,10,11,5,11,4,10,9,12,10,12,11,9,6,7,9,7,12,8,15,16,8,16,14,14,16,17,14,17,13,13,17,18,13,18,3,5,19,20,5,20,10,10,20,21,10,21,9,9,21,22,9,22,6,6,22,15,6,15,8,3,18,19,3,19,5,19,18,17,19,17,20,17,23,24,17,24,20,22,26,25,22,25,15,21,27,26,21,26,22,20,24,27,20,27,21,16,28,23,16,23,17,15,25,28,15,28,16,24,23,28,24,28,27,28,29,30,28,30,27,25,31,29,25,29,28,27,30,32,27,32,26,26,32,31,26,31,25,30,29,31,30,31,32,14,34,33,14,33,8,13,35,34,13,34,14,3,36,35,3,35,13,2,37,36,2,36,3,37,38,39,37,39,36,36,39,40,36,40,35,35,40,41,35,41,34,34,41,42,34,42,33,1,4,39,1,39,38,4,11,40,4,40,39,11,12,41,11,41,40,7,42,41,7,41,12,6,33,42,6,42,7,38,37,43,38,43,44],
  "ambient" : [0.00000,0.00000,0.00000],
  "d" : 1.00000,
  "color" : [0.80000,0.80000,0.80000],
  "illum" : 2,
  "specular" : [0.80000,0.80000,0.80000],
  "shininess" : 0.00000
}