{
  "alias" : "Cube.062_Cube.065_host_pool_view_001.jpg",
  "vertices" : [
	-15.510412,-3.473064,1.987675,
	-15.510414,5.391428,1.987673,
	-6.03204,5.391428,-7.490695,
	-6.03204,-3.303925,-7.490695],
  "indices" : [0,3,2,0,2,1],
  "texcoords" : [
	0.990715,0.000686,
	0.990715,0.993799,
	0.000201,0.993799,
	-0.002652,-0.001455],
  "Ni" : 1.00000,
  "ambient" : [0.00000,0.00000,0.00000],
  "d" : 1.00000,
  "color" : [0.16633,0.16633,0.16633],
  "illum" : 2,
  "texture" : "New",
  "specular" : [0.50000,0.50000,0.50000],
  "shininess" : 96.07843
}