{
  "alias" : "Cube.043_Cube.051_",
  "vertices" : [
	3.17402,3.392374,-3.643525,
	3.17402,3.392374,-1.744458,
	2.175521,3.392374,-1.744458,
	2.175521,3.392374,-3.643526,
	3.17402,3.19709,-3.643525,
	3.17402,3.19709,-1.744458,
	2.175521,3.19709,-1.744458,
	2.175521,3.19709,-3.643525],
  "indices" : [0,1,2,0,2,3,4,7,6,4,6,5,0,4,5,0,5,1,1,5,6,1,6,2,2,6,7,2,7,3,4,0,3,4,3,7],
  "ambient" : [0.00000,0.00000,0.00000],
  "d" : 1.00000,
  "color" : [0.80000,0.80000,0.80000],
  "illum" : 2,
  "specular" : [0.80000,0.80000,0.80000],
  "shininess" : 0.00000
}