{
  "alias" : "Cube.059_Cube.001_WHITE.002",
  "vertices" : [
	-6.024041,5.595217,2.604951,
	-6.024041,5.595217,1.033575,
	-6.024041,5.595217,4.176327,
	-6.024041,5.595217,2.604951,
	-6.024041,5.595217,1.033575,
	-6.024041,5.595217,4.176327],
  "indices" : [1,0,3,1,3,4,3,0,2,3,2,5],
  "Ni" : 1.00000,
  "ambient" : [0.00000,0.00000,0.00000],
  "d" : 1.00000,
  "color" : [0.11997,0.11997,0.12234],
  "illum" : 2,
  "specular" : [0.50000,0.50000,0.50000],
  "shininess" : -0.00002
}