{
  "alias" : "Table_TableMesh_STL",
  "vertices" : [
	-9.475551,4.273182,1.739912,
	-7.434762,4.273182,1.739912,
	-7.434762,4.273182,4.502632,
	-9.475552,4.273182,4.502631,
	-9.475551,5.0406,1.739911,
	-7.434761,5.0406,1.739913,
	-7.434762,5.0406,4.502632,
	-9.475551,5.0406,4.502631],
  "indices" : [0,1,2,0,2,3,4,7,6,4,6,5,0,4,5,0,5,1,1,5,6,1,6,2,2,6,7,2,7,3,4,0,3,4,3,7],
  "Ni" : 1.00000,
  "ambient" : [0.00000,0.00000,0.00000],
  "d" : 1.00000,
  "color" : [0.59632,0.52670,0.34732],
  "illum" : 2,
  "specular" : [0.50000,0.50000,0.50000],
  "shininess" : 96.07843
}