{
  "alias" : "Mesh.120_Mesh.125_blk",
  "vertices" : [
	-7.168558,3.563757,-0.745505,
	-7.131901,3.563757,-0.685917,
	-7.119028,3.563757,-0.615628,
	-7.131901,3.563757,-0.545339,
	-7.168558,3.563757,-0.485751,
	-7.223418,3.563757,-0.445935,
	-7.288131,3.563757,-0.431953,
	-7.352843,3.563757,-0.445935,
	-7.407704,3.563757,-0.485751,
	-7.444361,3.563757,-0.545339,
	-7.457234,3.563757,-0.615628,
	-7.444361,3.563757,-0.685917,
	-7.407704,3.563757,-0.745505,
	-7.352843,3.563757,-0.785321,
	-7.288131,3.563757,-0.799303,
	-7.223418,3.563757,-0.785321,
	-7.168558,4.416675,-0.745505,
	-7.131901,4.416675,-0.685917,
	-7.119028,4.416675,-0.615628,
	-7.131901,4.416675,-0.545339,
	-7.168558,4.416675,-0.485751,
	-7.223418,4.416675,-0.445935,
	-7.288131,4.416675,-0.431953,
	-7.352844,4.416675,-0.445936,
	-7.407704,4.416675,-0.485751,
	-7.444361,4.416675,-0.545339,
	-7.457234,4.416675,-0.615628,
	-7.444361,4.416675,-0.685917,
	-7.407704,4.416675,-0.745505,
	-7.352843,4.416675,-0.785321,
	-7.28813,4.416675,-0.799303,
	-7.223418,4.416675,-0.78532,
	-7.207245,3.563757,-0.703484,
	-7.182448,3.563757,-0.663175,
	-7.173742,3.563757,-0.615628,
	-7.182448,3.563757,-0.568081,
	-7.207245,3.563757,-0.527772,
	-7.244356,3.563757,-0.500839,
	-7.288131,3.563757,-0.491382,
	-7.331906,3.563757,-0.500839,
	-7.369017,3.563757,-0.527772,
	-7.393813,3.563757,-0.568081,
	-7.40252,3.563757,-0.615628,
	-7.393813,3.563757,-0.663175,
	-7.369017,3.563757,-0.703484,
	-7.331906,3.563757,-0.730417,
	-7.288131,3.563757,-0.739874,
	-7.244356,3.563757,-0.730417,
	-7.207245,4.416675,-0.703484,
	-7.182448,4.416675,-0.663175,
	-7.173742,4.416675,-0.615628,
	-7.182448,4.416675,-0.568081,
	-7.207245,4.416675,-0.527772,
	-7.244356,4.416675,-0.500839,
	-7.288131,4.416675,-0.491382,
	-7.331906,4.416675,-0.500839,
	-7.369017,4.416675,-0.527772,
	-7.393813,4.416675,-0.568081,
	-7.40252,4.416675,-0.615628,
	-7.393813,4.416675,-0.663176,
	-7.369016,4.416675,-0.703484,
	-7.331905,4.416675,-0.730417,
	-7.28813,4.416675,-0.739874,
	-7.244355,4.416675,-0.730417],
  "indices" : [0,16,17,0,17,1,1,17,18,1,18,2,2,18,19,2,19,3,3,19,20,3,20,4,4,20,21,4,21,5,5,21,22,5,22,6,6,22,23,6,23,7,7,23,24,7,24,8,8,24,25,8,25,9,9,25,26,9,26,10,10,26,27,10,27,11,11,27,28,11,28,12,12,28,29,12,29,13,13,29,30,13,30,14,14,30,31,14,31,15,16,0,15,16,15,31,49,48,32,49,32,33,50,49,33,50,33,34,51,50,34,51,34,35,52,51,35,52,35,36,53,52,36,53,36,37,54,53,37,54,37,38,55,54,38,55,38,39,56,55,39,56,39,40,57,56,40,57,40,41,58,57,41,58,41,42,59,58,42,59,42,43,60,59,43,60,43,44,61,60,44,61,44,45,62,61,45,62,45,46,63,62,46,63,46,47,47,32,48,47,48,63,6,7,39,6,39,38,21,20,52,21,52,53,20,19,51,20,51,52,22,21,53,22,53,54,2,3,35,2,35,34,5,6,38,5,38,37,29,28,60,29,60,61,9,10,42,9,42,41,12,13,45,12,45,44,24,23,55,24,55,56,30,29,61,30,61,62,25,24,56,25,56,57,13,14,46,13,46,45,31,30,62,31,62,63,19,18,50,19,50,51,15,0,32,15,32,47,4,5,37,4,37,36,10,11,43,10,43,42,14,15,47,14,47,46,17,16,48,17,48,49,16,31,63,16,63,48,1,2,34,1,34,33,28,27,59,28,59,60,3,4,36,3,36,35,27,26,58,27,58,59,23,22,54,23,54,55,26,25,57,26,57,58,11,12,44,11,44,43,7,8,40,7,40,39,8,9,41,8,41,40,0,1,33,0,33,32,18,17,49,18,49,50],
  "Ni" : 1.00000,
  "ambient" : [0.00000,0.00000,0.00000],
  "d" : 1.00000,
  "color" : [0.05344,0.05344,0.05344],
  "illum" : 2,
  "specular" : [0.50000,0.50000,0.50000],
  "shininess" : -0.00002
}