{
  "alias" : "Cube.026_Cube.032_potrait_ballroomdancers.jpg",
  "vertices" : [
	-0.588563,0.190508,-3.512533,
	-1.366472,0.190508,-3.512533,
	-0.588564,1.360446,-3.512533,
	-1.366472,1.360446,-3.512533],
  "indices" : [3,1,0,3,0,2],
  "texcoords" : [
	0.742553,0.05176,
	0.124164,0.05176,
	0.742553,1.029012,
	0.124163,1.029012],
  "Ni" : 1.00000,
  "ambient" : [0.00000,0.00000,0.00000],
  "d" : 1.00000,
  "color" : [0.80000,0.69515,0.55444],
  "illum" : 2,
  "texture" : "New",
  "specular" : [0.50000,0.50000,0.50000],
  "shininess" : 96.07843
}