{
  "alias" : "Cube.039_Cube.047_WOOD",
  "vertices" : [
	5.423195,1.021297,-3.669929,
	5.423195,1.021297,-1.770862,
	4.657568,1.021297,-1.770862,
	4.657568,1.021297,-3.669929,
	5.423196,0.826014,-3.669928,
	5.423195,0.826014,-1.770861,
	4.657568,0.826014,-1.770862,
	4.657568,0.826014,-3.669929],
  "indices" : [0,1,2,0,2,3,4,7,6,4,6,5,0,4,5,0,5,1,1,5,6,1,6,2,2,6,7,2,7,3,4,0,3,4,3,7],
  "Ni" : 1.00000,
  "ambient" : [0.00000,0.00000,0.00000],
  "d" : 1.00000,
  "color" : [0.57843,0.31405,0.15205],
  "illum" : 2,
  "specular" : [0.50000,0.50000,0.50000],
  "shininess" : 96.07843
}