{
  "alias" : "Mesh.028_Mesh.188_",
  "vertices" : [
	-10.423798,-1.939057,4.743515,
	-10.423798,-1.939057,7.102673,
	-8.06464,-1.939058,7.102672,
	-8.064641,-1.939058,4.743515,
	-10.423798,-2.848972,4.743516,
	-10.423797,-2.848972,7.102673,
	-8.06464,-2.848972,7.102672,
	-8.06464,-2.848973,4.743515,
	-8.652852,-1.939058,6.541687,
	-8.72092,-1.939058,5.413407,
	-9.835586,-1.939057,5.427022,
	-9.821972,-1.939057,6.47362,
	-9.244219,-1.939057,7.102672,
	-9.244219,-1.939058,4.743515,
	-9.244219,-2.848972,7.102673,
	-9.244219,-2.848972,4.743515,
	-9.244219,-1.939058,5.154751,
	-9.244219,-1.939057,6.691436,
	-10.423798,-1.939057,5.923094,
	-8.06464,-1.939058,5.923093,
	-10.423798,-2.848972,5.923094,
	-8.06464,-2.848973,5.923094,
	-8.475877,-1.939058,5.923093,
	-10.055827,-1.939057,5.882253,
	-9.244219,-2.848972,5.923094],
  "indices" : [5,14,12,5,12,1,14,6,2,14,2,12,0,13,15,0,15,4,13,3,7,13,7,15,3,13,16,3,16,9,13,0,10,13,10,16,1,12,17,1,17,11,12,2,8,12,8,17,18,0,4,18,4,20,20,5,1,20,1,18,6,21,19,6,19,2,21,7,3,21,3,19,2,19,22,2,22,8,19,3,9,19,9,22,0,18,23,0,23,10,18,1,11,18,11,23,15,24,20,15,20,4,24,14,5,24,5,20,7,21,24,7,24,15,21,6,14,21,14,24],
  "ambient" : [0.00000,0.00000,0.00000],
  "d" : 1.00000,
  "color" : [0.80000,0.80000,0.80000],
  "illum" : 2,
  "specular" : [0.80000,0.80000,0.80000],
  "shininess" : 0.00000
}