{
  "alias" : "Cube.054_Cube.062_SOFA",
  "vertices" : [
	-0.385098,-1.545156,0.143075,
	-1.080649,-1.433402,0.597037,
	-1.465485,-0.761335,-0.158046,
	-0.769934,-0.873089,-0.612008,
	-0.256312,-1.313724,0.283425,
	-0.951864,-1.20197,0.737387,
	-1.336699,-0.529903,-0.017696,
	-0.641149,-0.641657,-0.471658],
  "indices" : [0,1,2,0,2,3,4,7,6,4,6,5,0,4,5,0,5,1,1,5,6,1,6,2,2,6,7,2,7,3,4,0,3,4,3,7],
  "Ni" : 1.00000,
  "ambient" : [0.00000,0.00000,0.00000],
  "d" : 1.00000,
  "color" : [0.33900,0.43546,0.47406],
  "illum" : 1,
  "specular" : [0.00000,0.00000,0.00000],
  "shininess" : 96.07843
}