{
  "alias" : "Cube.051_Cube.059_Material",
  "vertices" : [
	3.788587,-0.339322,-0.275895,
	3.788587,-0.339322,0.015557,
	3.568816,-0.339322,0.015557,
	3.568816,-0.339322,-0.275895,
	3.788587,0.161851,-0.275895,
	3.788587,0.161851,0.015557,
	3.568816,0.161851,0.015557,
	3.568816,0.161851,-0.275895],
  "indices" : [0,1,2,0,2,3,4,7,6,4,6,5,0,4,5,0,5,1,1,5,6,1,6,2,2,6,7,2,7,3,4,0,3,4,3,7],
  "Ni" : 1.00000,
  "ambient" : [0.00000,0.00000,0.00000],
  "d" : 1.00000,
  "color" : [0.80000,0.80000,0.80000],
  "illum" : 2,
  "specular" : [0.50000,0.50000,0.50000],
  "shininess" : 96.07843
}