{
  "alias" : "screen_screen_screen_screen.png.001",
  "vertices" : [
	-1.482976,6.709764,0.11439,
	-1.482977,1.508767,0.11439,
	1.986021,1.508764,0.11439,
	1.986023,6.709763,0.11439],
  "indices" : [3,0,1,3,1,2],
  "texcoords" : [
	0.0,1.0,
	0.0,0.0,
	0.999999,0.0,
	1.0,0.999999],
  "Ni" : 1.00000,
  "ambient" : [0.00000,0.00000,0.00000],
  "d" : 1.00000,
  "color" : [0.47073,0.47073,0.47073],
  "illum" : 2,
  "texture" : "screen.png",
  "specular" : [0.50000,0.50000,0.50000],
  "Ns" : 96.07843
}