{
  "alias" : "homebtn_homebtn_homebtn",
  "vertices" : [
	0.115638,0.689651,0.127542,
	0.187504,0.680741,0.122707,
	0.107325,0.766684,0.122707,
	0.044308,0.702586,0.134311,
	0.127705,0.613194,0.134311,
	0.193136,0.59911,0.131732,
	0.183482,0.762372,0.116261,
	0.031168,0.77272,0.131732,
	0.06442,0.634752,0.137921,
	0.115638,0.998356,0.127542,
	0.187504,1.007266,0.122707,
	0.127705,1.074813,0.134311,
	0.044308,0.985421,0.134311,
	0.107325,0.921323,0.122707,
	0.183482,0.925634,0.116261,
	0.193136,1.088897,0.131732,
	0.06442,1.053255,0.137921,
	0.031168,0.915287,0.131732,
	0.40364,0.689651,0.127542,
	0.331773,0.680741,0.122707,
	0.391573,0.613194,0.134311,
	0.47497,0.702586,0.134311,
	0.411953,0.766684,0.122707,
	0.335796,0.762372,0.116261,
	0.326142,0.59911,0.131732,
	0.454858,0.634751,0.137921,
	0.48811,0.77272,0.131732,
	0.40364,0.998355,0.127542,
	0.331773,1.007266,0.122707,
	0.411953,0.921323,0.122707,
	0.47497,0.985421,0.134311,
	0.391573,1.074813,0.134311,
	0.326142,1.088897,0.131732,
	0.335796,0.925634,0.116261,
	0.48811,0.915287,0.131732,
	0.454858,1.053255,0.137921,
	0.181873,0.844003,0.113682,
	0.104107,0.844004,0.120773,
	0.026341,0.844004,0.130701,
	0.337405,0.844003,0.113682,
	0.415171,0.844003,0.120773,
	0.492936,0.844003,0.130701,
	0.259639,0.760648,0.113682,
	0.259639,0.677292,0.120773,
	0.259639,0.593936,0.130701,
	0.259639,0.927359,0.113682,
	0.259639,1.010715,0.120773,
	0.259639,1.09407,0.130701,
	0.564266,0.779619,0.142047,
	0.546032,0.717533,0.142047,
	0.517071,0.660046,0.142047,
	0.564266,0.908389,0.142047,
	0.546032,0.970475,0.142047,
	0.517071,1.027961,0.142047,
	-0.044989,0.779619,0.142047,
	-0.026754,0.717533,0.142047,
	0.002207,0.660046,0.142047,
	-0.044989,0.908389,0.142047,
	-0.026754,0.970475,0.142047,
	0.002207,1.027961,0.142047,
	0.319706,0.517478,0.142047,
	0.377628,0.537024,0.142047,
	0.43126,0.568067,0.142047,
	0.199572,0.517478,0.142047,
	0.141649,0.537024,0.142047,
	0.088018,0.568067,0.142047,
	0.319706,1.170528,0.142047,
	0.377628,1.150983,0.142047,
	0.43126,1.11994,0.142047,
	0.199571,1.170528,0.142047,
	0.141649,1.150983,0.142047,
	0.088018,1.11994,0.142047,
	0.259639,0.844003,0.110846,
	0.570702,0.844004,0.142047,
	-0.051424,0.844004,0.142047,
	0.259639,0.51058,0.142047,
	0.259639,1.177427,0.142047,
	0.478456,0.609457,0.142047,
	0.040822,0.609457,0.142047,
	0.478456,1.078549,0.142047,
	0.040822,1.078549,0.142047],
  "indices" : [0,4,5,0,5,1,1,5,44,1,44,43,4,64,63,4,63,5,5,63,75,5,75,44,0,1,6,0,6,2,2,6,36,2,36,37,1,43,42,1,42,6,6,42,72,6,72,36,0,2,7,0,7,3,3,7,54,3,54,55,2,37,38,2,38,7,7,38,74,7,74,54,0,3,8,0,8,4,4,8,65,4,65,64,3,55,56,3,56,8,8,56,78,8,78,65,9,13,14,9,14,10,10,14,45,10,45,46,13,37,36,13,36,14,14,36,72,14,72,45,9,10,15,9,15,11,11,15,69,11,69,70,10,46,47,10,47,15,15,47,76,15,76,69,9,11,16,9,16,12,12,16,59,12,59,58,11,70,71,11,71,16,16,71,80,16,80,59,9,12,17,9,17,13,13,17,38,13,38,37,12,58,57,12,57,17,17,57,74,17,74,38,18,22,23,18,23,19,19,23,42,19,42,43,22,40,39,22,39,23,23,39,72,23,72,42,18,19,24,18,24,20,20,24,60,20,60,61,19,43,44,19,44,24,24,44,75,24,75,60,18,20,25,18,25,21,21,25,50,21,50,49,20,61,62,20,62,25,25,62,77,25,77,50,18,21,26,18,26,22,22,26,41,22,41,40,21,49,48,21,48,26,26,48,73,26,73,41,27,31,32,27,32,28,28,32,47,28,47,46,31,67,66,31,66,32,32,66,76,32,76,47,27,28,33,27,33,29,29,33,39,29,39,40,28,46,45,28,45,33,33,45,72,33,72,39,27,29,34,27,34,30,30,34,51,30,51,52,29,40,41,29,41,34,34,41,73,34,73,51,27,30,35,27,35,31,31,35,68,31,68,67,30,52,53,30,53,35,35,53,79,35,79,68],
  "Ni" : 1.00000,
  "ambient" : [0.00000,0.00000,0.00000],
  "d" : 1.00000,
  "color" : [0.02408,0.02275,0.02306],
  "illum" : 2,
  "specular" : [0.50000,0.50000,0.50000],
  "Ns" : 96.07843
}