{
  "alias" : "objectRed_meshRed_blue",
  "vertices" : [3.0,0.0,-4.0,3.0,0.0,-2.0,1.0,0.0,-2.0,1.0,0.0,-4.0,3.0,0.0,-3.014029,1.0,0.0,-3.014029],
  "indices" : [4,0,3,4,3,5],
  "Ni" : 1.00000,
  "Ka" : [0.00000,0.00000,0.00000],
  "d" : 1.00000,
  "Kd" : [0.09294,0.18617,0.72889],
  "illum" : 2,
  "Ks" : [0.50000,0.50000,0.50000],
  "Ns" : 96.07843
}