{
  "alias" : "objectBlue_meshBlue_red",
  "vertices" : [1.0,0.0,-2.0,1.0,0.0,-0.0,-1.0,0.0,-0.0,-1.0,0.0,-2.0,-0.037037,0.0,-0.0,-0.037037,0.0,-2.0],
  "indices" : [0,5,4,0,4,1],
  "Ni" : 1.00000,
  "Ka" : [0.00000,0.00000,0.00000],
  "d" : 1.00000,
  "Kd" : [0.43600,0.00519,0.02740],
  "illum" : 2,
  "Ks" : [0.75500,0.20216,0.29883],
  "Ns" : 96.07843
}