{
  "alias" : "objectBlue_meshBlue_blue",
  "vertices" : [1.0,0.0,-2.0,1.0,0.0,-0.0,-1.0,0.0,-0.0,-1.0,0.0,-2.0,-0.037037,0.0,-0.0,-0.037037,0.0,-2.0],
  "indices" : [5,3,2,5,2,4],
  "Ni" : 1.00000,
  "Ka" : [0.00000,0.00000,0.00000],
  "d" : 1.00000,
  "Kd" : [0.09294,0.18617,0.72889],
  "illum" : 2,
  "Ks" : [0.50000,0.50000,0.50000],
  "Ns" : 96.07843
}