{
  "vertices" : [0.6,1.0,3.0,-0.6,0.5,3.0,-0.6,0.502408,2.95099,-0.6,0.509607,2.90245,-0.6,0.52153,2.85486,-0.6,0.53806,2.80866,-0.6,0.559039,2.7643,-0.6,0.584265,2.72221,-0.6,0.613495,2.6828,-0.6,0.646447,2.64645,-0.6,0.682803,2.61349,-0.6,0.722215,2.58427,-0.6,0.764302,2.55904,-0.6,0.808658,2.53806,-0.6,0.854858,2.52153,-0.6,0.902455,2.50961,-0.6,0.950991,2.50241,-0.6,1.0,2.5,-0.6,1.04901,2.50241,-0.6,1.09755,2.50961,-0.6,1.14514,2.52153,-0.6,1.19134,2.53806,-0.6,1.2357,2.55904,-0.6,1.27779,2.58427,-0.6,1.3172,2.61349,-0.6,1.35355,2.64645,-0.6,1.38651,2.6828,-0.6,1.41573,2.72221,-0.6,1.44096,2.7643,-0.6,1.46194,2.80866,-0.6,1.47847,2.85486,-0.6,1.49039,2.90245,-0.6,1.49759,2.95099,-0.6,1.5,3.0,-0.6,1.49759,3.04901,-0.6,1.49039,3.09755,-0.6,1.47847,3.14514,-0.6,1.46194,3.19134,-0.6,1.44096,3.2357,-0.6,1.41573,3.27779,-0.6,1.38651,3.3172,-0.6,1.35355,3.35355,-0.6,1.3172,3.38651,-0.6,1.27779,3.41573,-0.6,1.2357,3.44096,-0.6,1.19134,3.46194,-0.6,1.14514,3.47847,-0.6,1.09755,3.49039,-0.6,1.04901,3.49759,-0.6,1.0,3.5,-0.6,0.950991,3.49759,-0.6,0.902455,3.49039,-0.6,0.854858,3.47847,-0.6,0.808658,3.46194,-0.6,0.764302,3.44096,-0.6,0.722215,3.41573,-0.6,0.682803,3.38651,-0.6,0.646447,3.35355,-0.6,0.613495,3.3172,-0.6,0.584265,3.27779,-0.6,0.559039,3.2357,-0.6,0.53806,3.19134,-0.6,0.52153,3.14514,-0.6,0.509607,3.09755,-0.6,0.502408,3.04901,-0.6,0.5,3.0],
  "indices" : [0,1,2,0,2,3,0,3,4,0,4,5,0,5,6,0,6,7,0,7,8,0,8,9,0,9,10,0,10,11,0,11,12,0,12,13,0,13,14,0,14,15,0,15,16,0,16,17,0,17,18,0,18,19,0,19,20,0,20,21,0,21,22,0,22,23,0,23,24,0,24,25,0,25,26,0,26,27,0,27,28,0,28,29,0,29,30,0,30,31,0,31,32,0,32,33,0,33,34,0,34,35,0,35,36,0,36,37,0,37,38,0,38,39,0,39,40,0,40,41,0,41,42,0,42,43,0,43,44,0,44,45,0,45,46,0,46,47,0,47,48,0,48,49,0,49,50,0,50,51,0,51,52,0,52,53,0,53,54,0,54,55,0,55,56,0,56,57,0,57,58,0,58,59,0,59,60,0,60,61,0,61,62,0,62,63,0,63,64,0,64,65],
  "mode" : "SOLID"
}